worker_id,name,contractor_id,date,check_in,check_out,shift_type,is_late,absences_30d,attendance_rate,overtime_hours,total_hours_worked,worker_category
1103,Priya Kumar,104,2023-04-17,,,,0,4,0.43,0.0,0.0,High_Risk
1075,Neha Patel,103,2023-04-10,05:01,18:43,Full,0,1,0.44,1.5,13.7,High_Risk
1021,Deepak Sharma,101,2023-01-23,07:58,12:41,Morning,0,0,1.0,0.0,4.72,Regular
1015,Priya Nair,103,2023-09-01,07:06,12:08,Morning,0,0,1.0,0.0,5.03,Regular
1060,Priya Rao,102,2023-12-12,07:59,17:43,Full,0,0,0.95,0.0,9.73,Regular
1081,Arjun Kumar,104,2023-01-02,06:28,12:17,Morning,0,0,1.0,0.5,5.82,Regular
1014,Rajesh Singh,104,2023-10-23,07:52,18:25,Full,0,0,0.98,2.0,10.55,Regular
1041,Deepak Patel,105,2023-03-06,14:43,23:23,Evening,0,2,0.89,0.0,8.67,Irregular
1033,Rohan Rao,103,2023-08-19,05:07,18:33,Full,0,0,0.97,0.0,13.43,Regular
1062,Rajesh Nair,105,2023-12-26,14:36,22:13,Evening,0,0,0.86,1.0,7.62,Irregular
1142,Deepak Nair,103,2023-01-16,14:31,22:48,Evening,0,0,0.98,0.0,8.28,Regular
1143,Arjun Patel,103,2023-01-13,06:27,13:41,Morning,0,0,0.98,1.0,7.23,Regular
1134,Sneha Rao,104,2023-02-13,06:54,18:24,Full,0,0,0.8,0.0,11.5,Irregular
1027,Neha Kumar,101,2023-08-21,07:08,13:36,Morning,0,1,0.82,0.0,6.47,Irregular
1059,Amit Joshi,101,2023-11-14,,,,0,0,1.0,0.0,0.0,Regular
1039,Vikram Gupta,102,2023-04-11,05:01,13:27,Morning,0,0,0.82,0.0,8.43,Irregular
1129,Amit Patel,103,2023-02-22,07:03,17:10,Full,0,0,0.9,0.0,10.12,Irregular
1024,Vikram Singh,105,2023-07-17,05:08,18:58,Full,0,0,0.92,0.0,13.83,Irregular
1147,Priya Joshi,102,2023-05-27,05:32,13:38,Morning,0,0,0.96,1.5,8.1,Regular
1042,Priya Verma,103,2023-05-24,15:48,23:00,Evening,0,0,0.99,0.0,7.2,Regular
1037,Vikram Rao,103,2023-08-21,07:19,18:53,Full,0,0,0.98,0.5,11.57,Regular
1075,Neha Kumar,101,2023-04-14,06:24,12:24,Morning,0,0,0.96,0.0,6.0,Regular
1082,Sneha Nair,102,2023-07-27,,,,0,0,0.75,0.0,0.0,Irregular
1142,Priya Joshi,105,2023-05-15,15:11,22:50,Evening,0,0,0.96,0.0,7.65,Regular
1038,Priya Nair,105,2023-09-21,06:32,18:46,Full,0,0,0.96,0.0,12.23,Regular
1061,Neha Rao,103,2023-07-11,06:28,13:52,Morning,0,0,0.99,1.0,7.4,Regular
1037,Vikram Rao,105,2023-06-30,07:20,18:22,Full,0,0,0.97,0.0,11.03,Regular
1018,Deepak Singh,101,2023-02-23,15:49,23:46,Evening,0,0,0.96,2.0,7.95,Regular
1130,Rajesh Patel,102,2023-10-26,,,,0,2,0.81,0.0,0.0,Irregular
1026,Neha Singh,103,2023-01-13,05:19,12:07,Morning,0,0,0.99,0.5,6.8,Regular
1115,Deepak Singh,104,2023-10-16,05:57,12:21,Morning,0,0,0.95,0.0,6.4,Regular
1070,Arjun Gupta,103,2023-09-21,05:38,13:05,Morning,0,0,0.98,0.0,7.45,Regular
1047,Sneha Verma,103,2023-11-04,06:29,17:16,Full,0,2,0.84,0.0,10.78,Irregular
1090,Amit Verma,105,2023-11-14,05:00,18:57,Full,0,0,0.96,0.0,13.95,Regular
1126,Vikram Patel,101,2023-09-29,05:21,17:54,Full,0,1,0.82,0.0,12.55,Irregular
1086,Neha Singh,101,2023-08-08,06:51,12:11,Morning,0,0,0.99,0.0,5.33,Regular
1085,Pooja Sharma,104,2023-08-10,06:04,13:33,Morning,0,0,0.95,0.0,7.48,Regular
1147,Rohan Patel,102,2023-11-21,07:01,17:27,Full,0,0,1.0,0.0,10.43,Regular
1140,Amit Reddy,102,2023-02-02,14:11,22:00,Evening,0,0,1.0,2.0,7.82,Regular
1044,Arjun Gupta,105,2023-04-05,06:34,12:16,Morning,0,0,0.97,0.0,5.7,Regular
1090,Rohan Patel,102,2023-07-15,14:28,23:35,Evening,0,0,1.0,0.0,9.12,Regular
1138,Vikram Kumar,105,2023-07-11,06:48,17:31,Full,0,1,0.86,0.0,10.72,Irregular
1012,Deepak Kumar,101,2023-10-06,,,,0,0,0.83,0.0,0.0,Irregular
1113,Vikram Joshi,104,2023-12-08,05:40,12:11,Morning,0,1,0.89,0.0,6.52,Irregular
1052,Neha Singh,103,2023-05-24,05:51,12:20,Morning,0,0,0.99,0.5,6.48,Regular
1057,Deepak Rao,105,2023-07-05,14:34,22:28,Evening,0,1,0.59,0.0,7.9,High_Risk
1009,Vikram Patel,102,2023-09-11,,,,0,1,0.89,0.0,0.0,Irregular
1137,Sneha Joshi,102,2023-07-13,07:07,13:44,Morning,0,3,0.45,0.0,6.62,High_Risk
1071,Sneha Sharma,101,2023-10-19,05:43,13:38,Morning,0,0,1.0,0.0,7.92,Regular
1039,Neha Sharma,103,2023-08-30,05:40,12:00,Morning,0,0,0.96,0.0,6.33,Regular
1113,Deepak Nair,101,2023-04-27,,,,0,4,0.41,0.0,0.0,High_Risk
1147,Rohan Gupta,104,2023-02-16,07:00,17:53,Full,0,0,1.0,0.0,10.88,Regular
1012,Pooja Joshi,102,2023-12-25,,,,0,4,0.46,0.0,0.0,High_Risk
1092,Pooja Joshi,104,2023-07-05,05:40,13:26,Morning,0,0,0.98,0.0,7.77,Regular
1141,Vikram Patel,103,2023-03-23,14:01,23:55,Evening,0,2,0.76,1.0,9.9,Irregular
1119,Amit Nair,101,2023-05-26,,,,0,0,0.83,0.0,0.0,Irregular
1026,Sneha Singh,101,2023-10-10,,,,0,0,0.49,0.0,0.0,High_Risk
1099,Rajesh Singh,101,2023-11-07,07:04,18:02,Full,0,0,0.99,0.0,10.97,Regular
1083,Amit Sharma,101,2023-01-02,,,,0,0,0.98,0.0,0.0,Regular
1113,Arjun Rao,102,2023-03-13,15:53,22:58,Evening,0,0,0.99,0.0,7.08,Regular
1133,Priya Joshi,103,2023-04-22,14:20,23:01,Evening,0,0,1.0,1.0,8.68,Regular
1038,Arjun Rao,102,2023-10-13,06:51,12:37,Morning,0,0,1.0,0.0,5.77,Regular
1030,Sneha Nair,102,2023-05-13,,,,0,7,0.57,0.0,0.0,High_Risk
1017,Neha Nair,104,2023-03-10,,,,0,0,0.97,0.0,0.0,Regular
1126,Rajesh Singh,103,2023-04-21,07:10,13:15,Morning,0,0,0.96,0.0,6.08,Regular
1025,Rohan Gupta,103,2023-06-05,,,,0,1,0.52,0.0,0.0,High_Risk
1051,Vikram Singh,103,2023-04-03,06:00,12:40,Morning,0,1,0.82,0.0,6.67,Irregular
1078,Neha Joshi,102,2023-03-14,15:46,23:29,Evening,0,0,0.75,0.0,7.72,Irregular
1036,Amit Reddy,101,2023-12-21,07:55,13:13,Morning,0,0,0.97,0.0,5.3,Regular
1130,Rajesh Gupta,105,2023-07-06,07:22,18:42,Full,0,0,0.96,0.0,11.33,Regular
1038,Rohan Sharma,103,2023-07-11,15:38,22:16,Evening,0,0,0.97,0.0,6.63,Regular
1044,Rohan Singh,101,2023-07-31,,,,0,2,0.53,0.0,0.0,High_Risk
1146,Neha Nair,104,2023-02-03,15:18,23:40,Evening,0,0,0.99,0.0,8.37,Regular
1064,Pooja Patel,102,2023-11-11,,,,0,0,0.98,0.0,0.0,Regular
1033,Amit Verma,105,2023-07-17,15:10,23:29,Evening,0,0,0.99,0.0,8.32,Regular
1131,Amit Nair,103,2023-08-17,,,,0,0,0.96,0.0,0.0,Regular
1066,Rohan Kumar,104,2023-01-04,06:55,18:50,Full,0,1,0.51,1.0,11.92,High_Risk
1136,Pooja Verma,102,2023-10-27,07:19,17:19,Full,0,0,0.96,0.0,10.0,Regular
1090,Sneha Kumar,105,2023-12-22,15:49,23:09,Evening,0,0,0.98,0.0,7.33,Regular
1130,Priya Verma,105,2023-03-25,05:08,17:14,Full,0,2,0.91,0.0,12.1,Irregular
1095,Neha Patel,101,2023-08-24,,,,0,4,0.55,0.0,0.0,High_Risk
1137,Rajesh Patel,102,2023-02-04,05:07,17:40,Full,0,0,0.99,0.5,12.55,Regular
1035,Pooja Singh,105,2023-12-05,15:24,22:41,Evening,0,0,0.99,0.0,7.28,Regular
1039,Priya Reddy,103,2023-12-19,,,,0,2,0.87,0.0,0.0,Irregular
1145,Priya Nair,101,2023-11-06,07:05,18:02,Full,0,0,0.97,0.0,10.95,Regular
1015,Amit Sharma,105,2023-08-19,05:32,17:36,Full,0,0,0.96,0.5,12.07,Regular
1086,Sneha Nair,102,2023-05-03,,,,0,1,0.91,0.0,0.0,Irregular
1047,Amit Gupta,104,2023-07-03,14:46,23:11,Evening,0,0,0.95,0.5,8.42,Regular
1115,Rohan Rao,103,2023-10-09,14:09,23:37,Evening,0,0,0.97,0.0,9.47,Regular
1090,Arjun Patel,103,2023-05-22,05:46,13:59,Morning,0,0,0.96,0.0,8.22,Regular
1068,Rohan Patel,105,2023-11-24,,,,0,0,0.52,0.0,0.0,High_Risk
1122,Neha Joshi,101,2023-01-30,07:22,17:45,Full,0,0,0.96,0.0,10.38,Regular
1057,Vikram Reddy,101,2023-02-24,07:08,17:08,Full,0,8,0.4,0.0,10.0,High_Risk
1035,Rohan Reddy,104,2023-03-16,14:33,22:16,Evening,0,0,0.95,0.0,7.72,Regular
1025,Priya Patel,104,2023-12-11,07:21,18:27,Full,0,0,0.98,0.0,11.1,Regular
1081,Deepak Singh,104,2023-05-29,05:39,12:06,Morning,0,0,0.95,0.0,6.45,Regular
1123,Vikram Kumar,103,2023-06-07,06:15,13:18,Morning,0,0,0.99,0.0,7.05,Regular
1113,Pooja Nair,102,2023-11-15,14:38,22:31,Evening,0,0,0.99,0.0,7.88,Regular
1124,Deepak Rao,101,2023-10-16,05:56,17:02,Full,0,0,0.98,0.0,11.1,Regular
1072,Deepak Kumar,101,2023-03-08,,,,0,2,0.89,0.0,0.0,Irregular
1035,Priya Kumar,103,2023-06-14,14:47,23:06,Evening,0,0,0.44,0.0,8.32,High_Risk
1147,Deepak Singh,105,2023-10-12,,,,0,1,0.58,0.0,0.0,High_Risk
1148,Rajesh Verma,103,2023-07-14,05:36,13:29,Morning,0,0,0.99,0.0,7.88,Regular
1099,Priya Nair,104,2023-12-30,07:45,17:31,Full,0,2,0.5,0.0,9.77,High_Risk
1009,Deepak Gupta,102,2023-12-25,06:03,18:57,Full,0,1,0.8,1.5,12.9,Irregular
1075,Sneha Patel,102,2023-02-11,05:36,12:37,Morning,0,0,0.96,1.0,7.02,Regular
1106,Rohan Sharma,105,2023-10-14,15:44,22:52,Evening,0,0,1.0,0.0,7.13,Regular
1122,Pooja Rao,102,2023-12-29,07:25,12:20,Morning,0,0,0.97,1.0,4.92,Regular
1113,Sneha Patel,103,2023-08-15,15:53,23:04,Evening,0,0,0.96,0.0,7.18,Regular
1148,Sneha Joshi,103,2023-12-04,15:08,23:01,Evening,0,0,0.95,0.0,7.88,Regular
1017,Deepak Singh,101,2023-04-14,07:49,12:43,Morning,0,0,0.96,0.0,4.9,Regular
1098,Priya Joshi,104,2023-02-13,05:09,17:54,Full,0,0,0.95,0.0,12.75,Regular
1080,Vikram Joshi,103,2023-05-29,,,,0,0,0.89,0.0,0.0,Irregular
1025,Arjun Reddy,102,2023-05-23,06:46,13:09,Morning,0,0,1.0,0.0,6.38,Regular
1026,Rajesh Singh,105,2023-09-27,07:47,18:49,Full,0,0,0.99,0.0,11.03,Regular
1116,Rajesh Joshi,103,2023-04-13,14:43,23:44,Evening,0,0,0.98,0.0,9.02,Regular
1108,Vikram Singh,101,2023-07-29,15:01,22:34,Evening,0,0,0.95,1.0,7.55,Regular
1013,Deepak Patel,105,2023-04-06,05:48,17:52,Full,0,0,0.98,0.0,12.07,Regular
1121,Deepak Nair,102,2023-12-25,05:02,17:13,Full,0,0,0.99,0.0,12.18,Regular
1146,Sneha Sharma,105,2023-07-12,07:48,12:23,Morning,0,0,1.0,0.0,4.58,Regular
1037,Arjun Sharma,105,2023-07-17,,,,0,0,0.99,0.0,0.0,Regular
1088,Neha Reddy,103,2023-08-14,07:07,18:28,Full,0,4,0.57,0.0,11.35,High_Risk
1110,Deepak Singh,102,2023-11-09,07:55,13:04,Morning,0,0,1.0,0.0,5.15,Regular
1009,Sneha Nair,103,2023-08-29,15:17,23:16,Evening,0,0,0.99,0.0,7.98,Regular
1013,Priya Kumar,105,2023-11-25,07:40,18:02,Full,0,0,0.97,0.0,10.37,Regular
1076,Rohan Kumar,102,2023-02-09,,,,0,2,0.77,0.0,0.0,Irregular
1124,Priya Patel,103,2023-03-31,05:27,17:12,Full,0,0,0.85,1.0,11.75,Irregular
1093,Amit Joshi,103,2023-02-25,,,,0,2,0.92,0.0,0.0,Irregular
1033,Sneha Reddy,103,2023-04-03,,,,0,8,0.47,0.0,0.0,High_Risk
1045,Deepak Joshi,101,2023-12-22,,,,0,5,0.44,0.0,0.0,High_Risk
1133,Rajesh Sharma,103,2023-09-06,06:31,17:52,Full,0,1,0.56,0.5,11.35,High_Risk
1077,Arjun Kumar,105,2023-08-12,14:16,23:30,Evening,0,0,0.95,0.0,9.23,Regular
1109,Arjun Gupta,103,2023-03-15,07:29,17:28,Full,0,0,0.96,0.5,9.98,Regular
1068,Sneha Gupta,103,2023-01-12,14:21,23:55,Evening,0,0,0.99,0.0,9.57,Regular
1029,Arjun Nair,104,2023-08-15,14:10,22:05,Evening,0,2,0.8,0.0,7.92,Irregular
1026,Sneha Sharma,102,2023-10-12,05:38,12:54,Morning,0,0,0.96,1.0,7.27,Regular
1032,Deepak Gupta,102,2023-03-25,,,,0,2,0.92,0.0,0.0,Irregular
1126,Deepak Kumar,104,2023-01-21,06:18,17:04,Full,0,0,0.97,2.0,10.77,Regular
1124,Pooja Nair,102,2023-11-16,06:14,18:15,Full,0,0,0.96,0.0,12.02,Regular
1145,Rajesh Verma,105,2023-03-20,14:02,22:43,Evening,0,1,0.87,0.0,8.68,Irregular
1046,Rajesh Kumar,101,2023-09-30,05:37,13:56,Morning,0,0,0.98,0.0,8.32,Regular
1117,Pooja Reddy,102,2023-03-06,06:29,13:17,Morning,0,2,0.89,0.0,6.8,Irregular
1011,Rohan Nair,105,2023-04-12,,,,0,2,0.85,0.0,0.0,Irregular
1088,Amit Kumar,101,2023-02-15,15:27,23:32,Evening,0,0,0.95,0.0,8.08,Regular
1097,Rohan Singh,102,2023-08-21,06:21,12:01,Morning,0,0,0.96,2.0,5.67,Regular
1122,Amit Singh,102,2023-04-17,07:02,12:05,Morning,0,0,0.76,0.0,5.05,Irregular
1041,Pooja Singh,102,2023-11-24,,,,0,3,0.47,0.0,0.0,High_Risk
1127,Deepak Joshi,103,2023-11-10,,,,0,2,0.41,0.0,0.0,High_Risk
1106,Priya Rao,103,2023-01-12,05:50,13:18,Morning,0,0,0.79,2.0,7.47,Irregular
1119,Deepak Rao,105,2023-11-03,07:21,12:31,Morning,0,2,0.88,0.0,5.17,Irregular
1035,Pooja Kumar,105,2023-07-26,15:20,22:57,Evening,0,0,0.97,0.5,7.62,Regular
1004,Pooja Singh,104,2023-01-20,14:31,22:35,Evening,0,0,0.97,0.0,8.07,Regular
1066,Arjun Rao,102,2023-10-23,15:11,22:44,Evening,0,0,0.9,0.0,7.55,Irregular
1099,Pooja Nair,102,2023-08-28,,,,0,1,0.8,0.0,0.0,Irregular
1078,Vikram Gupta,102,2023-11-21,15:59,22:46,Evening,0,0,0.98,0.0,6.78,Regular
1084,Deepak Verma,102,2023-05-25,06:34,17:04,Full,0,0,0.99,0.0,10.5,Regular
1045,Deepak Gupta,103,2023-04-28,15:11,23:40,Evening,0,3,0.52,0.0,8.48,High_Risk
1001,Arjun Sharma,101,2023-10-11,05:11,17:48,Full,0,0,0.99,1.0,12.62,Regular
1111,Neha Reddy,104,2023-11-30,15:25,22:00,Evening,0,0,0.97,0.0,6.58,Regular
1059,Vikram Singh,105,2023-06-28,05:49,13:58,Morning,0,0,1.0,0.0,8.15,Regular
1050,Rajesh Reddy,105,2023-08-11,14:43,23:19,Evening,0,3,0.54,0.0,8.6,High_Risk
1124,Pooja Rao,102,2023-09-21,07:21,12:33,Morning,0,0,1.0,0.0,5.2,Regular
1114,Priya Singh,102,2023-05-16,,,,0,0,0.76,0.0,0.0,Irregular
1072,Rohan Patel,101,2023-10-16,,,,0,2,0.88,0.0,0.0,Irregular
1053,Rohan Gupta,105,2023-08-08,07:08,17:40,Full,0,0,0.99,2.0,10.53,Regular
1077,Amit Verma,101,2023-04-08,15:18,23:33,Evening,0,0,0.99,0.5,8.25,Regular
1083,Priya Patel,105,2023-12-11,05:14,17:11,Full,0,2,0.89,0.0,11.95,Irregular
1060,Vikram Gupta,105,2023-11-01,15:25,22:34,Evening,0,0,0.98,0.0,7.15,Regular
1009,Amit Reddy,103,2023-11-24,14:28,23:24,Evening,0,0,0.97,0.0,8.93,Regular
1037,Rohan Gupta,104,2023-02-13,06:43,17:42,Full,0,0,0.96,0.0,10.98,Regular
1080,Pooja Nair,105,2023-10-09,,,,0,2,0.41,0.0,0.0,High_Risk
1021,Rajesh Nair,105,2023-10-17,05:51,18:26,Full,0,0,0.98,1.5,12.58,Regular
1136,Neha Singh,102,2023-05-26,06:24,18:10,Full,0,1,0.91,0.0,11.77,Irregular
1071,Amit Gupta,101,2023-10-25,15:06,23:00,Evening,0,0,0.98,0.0,7.9,Regular
1047,Priya Singh,103,2023-04-28,15:08,22:09,Evening,0,0,0.97,0.0,7.02,Regular
1072,Rohan Sharma,101,2023-10-20,07:09,17:17,Full,0,0,0.96,0.5,10.13,Regular
1069,Neha Gupta,101,2023-08-14,15:47,22:14,Evening,0,2,0.86,0.0,6.45,Irregular
1138,Pooja Patel,101,2023-09-11,07:20,13:02,Morning,0,0,0.97,0.0,5.7,Regular
1024,Vikram Patel,104,2023-03-09,,,,0,1,0.93,0.0,0.0,Irregular
1109,Neha Nair,104,2023-12-19,14:58,23:40,Evening,0,0,0.97,0.0,8.7,Regular
1060,Sneha Gupta,102,2023-01-27,,,,0,1,0.87,0.0,0.0,Irregular
1067,Rajesh Singh,104,2023-09-16,06:37,12:34,Morning,0,0,0.97,0.5,5.95,Regular
1008,Arjun Gupta,104,2023-11-29,07:15,18:29,Full,0,0,0.99,0.0,11.23,Regular
1145,Rajesh Kumar,104,2023-01-03,,,,0,6,0.48,0.0,0.0,High_Risk
1104,Vikram Sharma,105,2023-09-05,05:19,18:21,Full,0,2,0.92,0.0,13.03,Irregular
1016,Neha Sharma,104,2023-08-14,07:49,12:01,Morning,0,1,0.94,0.0,4.2,Irregular
1075,Sneha Nair,103,2023-06-03,14:21,22:14,Evening,0,0,0.99,2.0,7.88,Regular
1012,Arjun Nair,101,2023-03-23,06:29,18:05,Full,0,0,0.96,0.0,11.6,Regular
1014,Rajesh Singh,101,2023-06-12,06:13,18:17,Full,0,0,0.99,0.0,12.07,Regular
1025,Priya Sharma,105,2023-06-13,,,,0,0,0.52,0.0,0.0,High_Risk
1054,Rohan Kumar,105,2023-01-25,05:33,13:24,Morning,0,0,0.95,0.0,7.85,Regular
1012,Vikram Rao,104,2023-11-30,07:05,13:28,Morning,0,0,0.98,0.0,6.38,Regular
1031,Rohan Sharma,103,2023-09-23,15:30,23:14,Evening,0,0,0.96,2.0,7.73,Regular
1099,Arjun Sharma,105,2023-07-10,05:03,13:38,Morning,0,0,0.96,0.0,8.58,Regular
1124,Rajesh Gupta,104,2023-05-04,05:51,17:34,Full,0,0,0.97,0.0,11.72,Regular
1014,Vikram Kumar,105,2023-05-13,14:20,23:37,Evening,0,0,0.99,0.0,9.28,Regular
1058,Vikram Patel,105,2023-08-01,05:17,17:44,Full,0,0,0.97,0.0,12.45,Regular
1139,Deepak Singh,105,2023-07-03,06:51,13:59,Morning,0,2,0.83,0.0,7.13,Irregular
1042,Vikram Nair,105,2023-04-24,,,,0,0,0.53,0.0,0.0,High_Risk
1129,Arjun Rao,102,2023-01-30,05:27,17:54,Full,0,0,0.99,0.0,12.45,Regular
1079,Amit Patel,101,2023-12-11,05:22,12:07,Morning,0,0,0.95,0.0,6.75,Regular
1043,Amit Sharma,101,2023-06-01,15:57,22:45,Evening,0,0,1.0,2.0,6.8,Regular
1135,Arjun Kumar,103,2023-09-18,06:37,17:31,Full,0,0,0.99,0.0,10.9,Regular
1136,Amit Verma,101,2023-02-18,05:40,12:57,Morning,0,1,0.46,0.0,7.28,High_Risk
1140,Arjun Patel,103,2023-09-26,,,,0,1,0.43,0.0,0.0,High_Risk
1015,Neha Sharma,101,2023-07-03,15:59,23:24,Evening,0,3,0.45,0.0,7.42,High_Risk
1032,Priya Joshi,103,2023-05-02,,,,0,6,0.58,0.0,0.0,High_Risk
1012,Rajesh Reddy,101,2023-05-29,15:45,23:45,Evening,0,0,0.98,0.5,8.0,Regular
1086,Deepak Patel,103,2023-12-14,05:20,12:51,Morning,0,0,0.96,1.0,7.52,Regular
1088,Sneha Verma,104,2023-06-20,,,,0,0,0.85,0.0,0.0,Irregular
1118,Neha Patel,103,2023-01-30,05:46,18:41,Full,0,0,0.99,0.0,12.92,Regular
1108,Deepak Kumar,105,2023-04-14,06:42,17:09,Full,0,6,0.52,0.5,10.45,High_Risk
1066,Deepak Joshi,101,2023-03-27,05:13,18:56,Full,0,0,0.97,2.0,13.72,Regular
1075,Vikram Gupta,103,2023-03-11,,,,0,0,0.77,0.0,0.0,Irregular
1111,Priya Gupta,105,2023-01-24,06:20,13:39,Morning,0,1,0.87,0.0,7.32,Irregular
1004,Vikram Nair,104,2023-01-20,05:13,17:23,Full,0,1,0.86,0.0,12.17,Irregular
1132,Arjun Nair,102,2023-06-08,14:45,22:21,Evening,0,0,0.99,0.0,7.6,Regular
1058,Vikram Kumar,105,2023-07-11,15:54,22:54,Evening,0,2,0.79,0.0,7.0,Irregular
1047,Priya Gupta,103,2023-04-28,,,,0,0,0.88,0.0,0.0,Irregular
1148,Amit Rao,103,2023-02-16,,,,0,2,0.9,0.0,0.0,Irregular
1090,Neha Kumar,105,2023-03-02,,,,0,0,0.96,0.0,0.0,Regular
1107,Priya Rao,101,2023-04-28,14:50,22:18,Evening,0,0,0.97,0.0,7.47,Regular
1069,Arjun Verma,105,2023-02-18,06:25,18:38,Full,0,0,1.0,1.5,12.22,Regular
1024,Vikram Joshi,101,2023-10-24,05:30,18:23,Full,0,0,0.95,0.0,12.88,Regular
1108,Pooja Nair,102,2023-08-08,06:55,13:15,Morning,0,0,0.97,0.0,6.33,Regular
1070,Priya Joshi,104,2023-08-16,06:42,12:20,Morning,0,0,0.97,0.0,5.63,Regular
1007,Pooja Patel,102,2023-07-22,,,,0,2,0.93,0.0,0.0,Irregular
1149,Neha Kumar,102,2023-05-22,,,,0,1,0.95,0.0,0.0,Irregular
1069,Arjun Kumar,103,2023-11-01,05:40,17:49,Full,0,2,0.8,0.5,12.15,Irregular
1071,Rohan Nair,101,2023-03-02,14:40,22:21,Evening,0,0,0.98,0.0,7.68,Regular
1098,Deepak Verma,101,2023-01-05,06:09,18:15,Full,0,0,0.98,0.0,12.1,Regular
1086,Arjun Singh,104,2023-10-21,15:50,22:48,Evening,0,0,0.96,0.0,6.97,Regular
1020,Vikram Rao,102,2023-08-02,07:21,13:27,Morning,0,0,1.0,0.0,6.1,Regular
1058,Vikram Singh,104,2023-03-07,15:43,22:41,Evening,0,1,0.82,0.0,6.97,Irregular
1023,Neha Nair,101,2023-07-17,,,,0,0,0.96,0.0,0.0,Regular
1074,Neha Joshi,104,2023-06-13,14:46,22:47,Evening,0,1,0.78,1.0,8.02,Irregular
1012,Vikram Joshi,102,2024-01-01,06:32,13:00,Morning,0,0,0.97,0.0,6.47,Regular
1124,Neha Nair,103,2023-09-04,07:45,12:15,Morning,0,0,0.97,2.0,4.5,Regular
1021,Amit Patel,105,2023-04-12,,,,0,0,0.98,0.0,0.0,Regular
1128,Arjun Joshi,103,2023-05-11,06:25,18:04,Full,0,0,0.81,2.0,11.65,Irregular
1134,Amit Rao,103,2023-12-30,15:21,22:11,Evening,0,1,0.8,0.0,6.83,Irregular
1034,Pooja Gupta,101,2023-12-04,,,,0,0,0.84,0.0,0.0,Irregular
1128,Arjun Nair,101,2023-05-19,,,,0,2,0.88,0.0,0.0,Irregular
1125,Rajesh Gupta,102,2023-09-05,05:19,13:00,Morning,0,0,0.96,1.0,7.68,Regular
1067,Neha Patel,104,2023-10-30,07:56,12:52,Morning,0,3,0.57,0.0,4.93,High_Risk
1039,Arjun Rao,101,2023-11-29,,,,0,2,0.93,0.0,0.0,Irregular
1091,Pooja Verma,102,2023-02-07,15:34,22:29,Evening,0,0,0.97,1.0,6.92,Regular
1113,Sneha Reddy,101,2023-09-27,05:18,13:50,Morning,0,0,0.98,1.0,8.53,Regular
1028,Sneha Patel,104,2023-07-25,,,,0,6,0.51,0.0,0.0,High_Risk
1019,Rohan Reddy,104,2023-11-13,05:32,13:51,Morning,0,0,0.98,0.0,8.32,Regular
1078,Amit Singh,101,2023-03-09,05:45,18:40,Full,0,0,0.98,2.0,12.92,Regular
1016,Neha Nair,105,2023-06-07,06:49,12:20,Morning,0,0,0.87,0.0,5.52,Irregular
1137,Pooja Verma,104,2023-08-04,,,,0,7,0.5,0.0,0.0,High_Risk
1076,Priya Patel,104,2023-01-16,05:21,18:20,Full,0,0,0.98,0.0,12.98,Regular
1132,Neha Patel,104,2023-03-17,06:23,18:26,Full,0,0,0.98,0.5,12.05,Regular
1087,Deepak Sharma,101,2023-03-02,07:59,13:00,Morning,0,0,0.97,0.0,5.02,Regular
1099,Rajesh Kumar,103,2023-12-06,15:48,23:48,Evening,0,0,0.95,0.0,8.0,Regular
1124,Deepak Reddy,101,2023-12-07,06:42,13:40,Morning,0,0,0.95,0.0,6.97,Regular
1041,Pooja Singh,101,2023-11-03,14:12,23:10,Evening,0,0,0.97,0.0,8.97,Regular
1127,Sneha Joshi,105,2023-04-18,05:52,17:11,Full,0,0,0.96,0.0,11.32,Regular
1090,Pooja Patel,104,2023-01-09,,,,0,1,0.76,0.0,0.0,Irregular
1084,Arjun Reddy,102,2023-11-20,15:36,22:46,Evening,0,0,0.99,0.0,7.17,Regular
1076,Arjun Patel,102,2023-02-10,05:09,18:50,Full,0,0,0.95,0.0,13.68,Regular
1051,Amit Kumar,101,2023-01-28,05:01,17:37,Full,0,1,0.78,1.0,12.6,Irregular
1081,Priya Joshi,101,2023-08-23,15:36,22:48,Evening,0,0,0.97,0.0,7.2,Regular
1038,Deepak Sharma,104,2023-04-17,07:08,17:37,Full,0,0,0.97,0.5,10.48,Regular
1098,Rohan Reddy,103,2023-06-21,15:10,23:31,Evening,0,0,0.98,0.0,8.35,Regular
1100,Rajesh Nair,104,2023-06-16,07:03,12:55,Morning,0,2,0.78,0.5,5.87,Irregular
1146,Deepak Singh,104,2023-05-06,05:07,13:47,Morning,0,0,1.0,0.0,8.67,Regular
1065,Sneha Sharma,104,2023-11-21,07:10,17:03,Full,0,0,0.96,0.0,9.88,Regular
1107,Sneha Nair,103,2023-11-02,05:29,13:36,Morning,0,0,0.97,1.0,8.12,Regular
1124,Rohan Rao,105,2023-05-15,05:28,17:58,Full,0,0,0.97,2.0,12.5,Regular
1109,Vikram Reddy,104,2023-11-01,,,,0,5,0.45,0.0,0.0,High_Risk
1087,Pooja Nair,103,2023-12-20,05:20,13:43,Morning,0,0,0.99,0.0,8.38,Regular
1068,Arjun Nair,103,2023-10-07,,,,0,0,0.96,0.0,0.0,Regular
1098,Sneha Sharma,103,2023-09-30,15:56,23:57,Evening,0,0,0.99,0.0,8.02,Regular
1008,Sneha Reddy,104,2023-04-11,,,,0,2,0.43,0.0,0.0,High_Risk
1091,Neha Patel,105,2023-11-06,05:53,17:38,Full,0,0,0.99,0.0,11.75,Regular
1020,Neha Nair,101,2023-01-12,,,,0,2,0.49,0.0,0.0,High_Risk
1048,Sneha Patel,104,2023-12-18,15:37,22:32,Evening,0,0,0.97,0.0,6.92,Regular
1082,Neha Reddy,104,2023-08-28,07:08,18:51,Full,0,0,0.92,0.0,11.72,Irregular
1096,Priya Gupta,103,2023-11-20,15:30,22:15,Evening,0,0,1.0,0.5,6.75,Regular
1067,Deepak Gupta,102,2023-05-06,05:23,17:55,Full,0,0,0.99,0.0,12.53,Regular
1019,Vikram Verma,102,2023-04-24,07:00,13:24,Morning,0,2,0.78,0.0,6.4,Irregular
1136,Rohan Singh,105,2023-07-20,,,,0,2,0.87,0.0,0.0,Irregular
1104,Amit Sharma,101,2023-09-18,07:07,12:13,Morning,0,0,0.89,1.0,5.1,Irregular
1045,Deepak Joshi,105,2023-12-25,07:33,13:59,Morning,0,0,0.95,0.5,6.43,Regular
1013,Amit Patel,104,2023-08-03,,,,0,6,0.58,0.0,0.0,High_Risk
1053,Priya Joshi,101,2023-06-07,,,,0,0,0.98,0.0,0.0,Regular
1053,Arjun Verma,103,2023-08-02,06:09,18:35,Full,0,1,0.8,0.0,12.43,Irregular
1110,Rohan Reddy,104,2023-12-01,14:58,22:07,Evening,0,0,0.97,0.0,7.15,Regular
1034,Arjun Kumar,102,2023-05-08,07:56,17:48,Full,0,1,0.89,0.0,9.87,Irregular
1038,Deepak Joshi,101,2023-11-02,15:56,23:28,Evening,0,0,0.99,1.5,7.53,Regular
1107,Arjun Rao,103,2023-06-12,07:50,17:18,Full,0,0,0.97,1.5,9.47,Regular
1145,Rajesh Rao,102,2023-11-13,06:46,17:20,Full,0,0,0.98,0.5,10.57,Regular
1024,Arjun Reddy,104,2023-10-09,07:18,13:36,Morning,0,0,0.97,0.0,6.3,Regular
1048,Rajesh Verma,104,2023-12-21,,,,0,1,0.53,0.0,0.0,High_Risk
1105,Neha Joshi,104,2023-01-13,,,,0,3,0.57,0.0,0.0,High_Risk
1016,Arjun Nair,101,2023-11-06,,,,0,0,0.91,0.0,0.0,Irregular
1087,Rohan Rao,105,2023-08-04,07:27,13:43,Morning,0,0,0.98,0.0,6.27,Regular
1054,Deepak Reddy,101,2023-09-09,05:53,18:09,Full,0,4,0.54,0.0,12.27,High_Risk
1013,Deepak Gupta,105,2023-09-15,06:34,12:02,Morning,0,0,0.58,0.0,5.47,High_Risk
1116,Arjun Reddy,105,2023-08-16,14:19,22:27,Evening,0,0,0.96,0.0,8.13,Regular
1092,Rajesh Joshi,102,2023-06-30,14:33,22:05,Evening,0,4,0.47,0.0,7.53,High_Risk
1055,Vikram Joshi,102,2023-11-09,07:52,13:12,Morning,0,0,0.99,2.0,5.33,Regular
1075,Amit Reddy,101,2023-02-14,14:28,22:28,Evening,0,0,0.9,0.0,8.0,Irregular
1004,Amit Rao,102,2023-04-29,,,,0,3,0.51,0.0,0.0,High_Risk
1143,Rohan Kumar,104,2023-01-17,06:56,13:24,Morning,0,0,0.81,0.5,6.47,Irregular
1104,Arjun Rao,104,2023-11-17,06:59,17:46,Full,0,0,0.98,0.0,10.78,Regular
1026,Pooja Kumar,101,2023-03-25,,,,0,7,0.43,0.0,0.0,High_Risk
1015,Priya Joshi,105,2023-02-15,06:17,13:09,Morning,0,2,0.43,0.0,6.87,High_Risk
1093,Amit Reddy,104,2023-04-18,,,,0,1,0.57,0.0,0.0,High_Risk
1070,Amit Kumar,101,2023-12-21,14:25,23:56,Evening,0,0,0.97,0.0,9.52,Regular
1018,Neha Joshi,103,2023-12-25,07:28,17:33,Full,0,0,0.97,0.0,10.08,Regular
1080,Vikram Patel,102,2023-01-09,15:35,22:29,Evening,0,6,0.56,0.0,6.9,High_Risk
1084,Sneha Verma,102,2023-03-27,,,,0,0,0.75,0.0,0.0,Irregular
1101,Vikram Joshi,104,2023-09-12,,,,0,7,0.56,0.0,0.0,High_Risk
1104,Neha Joshi,102,2023-04-01,05:02,13:12,Morning,0,0,1.0,0.0,8.17,Regular
1034,Neha Singh,103,2023-03-30,15:19,22:29,Evening,0,0,1.0,1.5,7.17,Regular
1091,Sneha Kumar,102,2023-10-02,,,,0,0,0.97,0.0,0.0,Regular
1091,Rohan Kumar,102,2023-04-24,,,,0,1,0.93,0.0,0.0,Irregular
1116,Vikram Patel,102,2023-02-10,05:21,13:55,Morning,0,0,0.84,0.0,8.57,Irregular
1139,Priya Kumar,103,2023-03-17,07:46,12:06,Morning,0,0,0.97,1.0,4.33,Regular
1132,Rajesh Patel,102,2023-08-30,14:47,22:47,Evening,0,8,0.47,1.0,8.0,High_Risk
1122,Deepak Kumar,103,2023-07-14,07:35,18:28,Full,0,0,0.98,0.5,10.88,Regular
1067,Pooja Sharma,102,2023-06-30,14:30,23:52,Evening,0,8,0.52,0.5,9.37,High_Risk
1054,Deepak Sharma,105,2023-06-17,14:19,22:50,Evening,0,1,0.9,0.0,8.52,Irregular
1141,Sneha Singh,102,2023-07-10,07:13,12:47,Morning,0,0,0.99,1.5,5.57,Regular
1039,Pooja Patel,105,2023-08-29,15:09,23:58,Evening,0,0,0.98,0.0,8.82,Regular
1139,Sneha Gupta,102,2023-09-30,05:58,12:36,Morning,0,0,0.98,0.0,6.63,Regular
1051,Vikram Sharma,104,2023-03-29,07:58,13:00,Morning,0,6,0.57,0.0,5.03,High_Risk
1057,Pooja Rao,101,2023-06-19,15:19,23:52,Evening,0,0,0.99,1.0,8.55,Regular
1076,Priya Sharma,105,2023-03-06,15:31,23:03,Evening,0,2,0.56,0.0,7.53,High_Risk
1078,Neha Singh,102,2023-06-12,07:28,12:05,Morning,0,0,0.86,0.0,4.62,Irregular
1027,Pooja Kumar,105,2023-05-27,06:24,13:30,Morning,0,6,0.46,0.0,7.1,High_Risk
1022,Neha Rao,103,2023-11-24,07:49,18:54,Full,0,0,0.95,1.5,11.08,Regular
1072,Arjun Joshi,104,2023-01-12,14:11,22:05,Evening,0,0,0.99,0.0,7.9,Regular
1078,Deepak Singh,105,2023-02-28,05:18,13:04,Morning,0,0,0.96,0.0,7.77,Regular
1033,Pooja Patel,105,2023-03-20,06:28,18:19,Full,0,1,0.94,0.0,11.85,Irregular
1105,Priya Gupta,101,2023-03-03,06:57,12:27,Morning,0,0,0.99,0.0,5.5,Regular
1071,Pooja Singh,103,2023-04-08,06:37,13:25,Morning,0,2,0.78,0.0,6.8,Irregular
1020,Pooja Kumar,103,2023-05-29,07:01,18:52,Full,0,0,1.0,0.0,11.85,Regular
1027,Vikram Nair,102,2023-12-18,15:58,23:01,Evening,0,0,1.0,1.0,7.05,Regular
1010,Arjun Verma,105,2023-05-30,,,,0,4,0.44,0.0,0.0,High_Risk
1022,Priya Nair,104,2023-01-25,05:03,17:48,Full,0,2,0.94,0.0,12.75,Irregular
1073,Vikram Kumar,105,2023-10-16,06:49,17:53,Full,0,2,0.77,0.0,11.07,Irregular
1111,Arjun Reddy,104,2023-03-14,05:42,17:40,Full,0,0,0.99,0.0,11.97,Regular
1039,Priya Joshi,101,2023-04-21,,,,0,2,0.76,0.0,0.0,Irregular
1110,Vikram Reddy,105,2023-10-17,14:57,22:10,Evening,0,0,0.97,0.0,7.22,Regular
1138,Amit Joshi,102,2023-10-02,06:02,13:37,Morning,0,2,0.85,0.5,7.58,Irregular
1073,Amit Nair,105,2023-12-11,05:53,17:08,Full,0,0,0.99,0.0,11.25,Regular
1002,Neha Rao,105,2023-05-03,,,,0,7,0.49,0.0,0.0,High_Risk
1107,Rohan Reddy,105,2023-01-18,,,,0,1,0.91,0.0,0.0,Irregular
1004,Sneha Joshi,105,2023-03-29,07:02,13:37,Morning,0,0,0.96,0.0,6.58,Regular
1038,Pooja Gupta,105,2023-05-13,06:06,17:44,Full,0,0,0.97,1.0,11.63,Regular
1069,Vikram Patel,101,2023-10-10,14:57,23:23,Evening,0,0,0.97,0.5,8.43,Regular
1032,Priya Gupta,105,2023-06-26,05:48,17:08,Full,0,0,0.99,0.0,11.33,Regular
1039,Sneha Patel,101,2023-03-28,,,,0,6,0.49,0.0,0.0,High_Risk
1057,Sneha Rao,101,2023-06-14,07:47,17:44,Full,0,0,0.95,0.0,9.95,Regular
1134,Pooja Joshi,104,2023-05-30,15:42,23:41,Evening,0,0,0.96,1.0,7.98,Regular
1115,Vikram Kumar,104,2023-08-22,07:46,13:18,Morning,0,0,0.99,0.0,5.53,Regular
1072,Sneha Verma,103,2023-06-24,07:09,18:46,Full,0,0,0.96,0.5,11.62,Regular
1098,Amit Reddy,103,2023-04-03,05:52,13:28,Morning,0,0,1.0,0.0,7.6,Regular
1017,Deepak Verma,105,2023-11-01,07:52,17:48,Full,0,0,0.99,0.0,9.93,Regular
1131,Neha Verma,105,2023-10-09,05:55,13:00,Morning,0,1,0.92,0.0,7.08,Irregular
1108,Neha Rao,103,2023-07-18,06:40,12:14,Morning,0,0,0.95,0.0,5.57,Regular
1030,Neha Nair,101,2023-02-17,06:11,12:56,Morning,0,2,0.76,0.5,6.75,Irregular
1057,Rajesh Nair,101,2023-11-18,05:58,18:28,Full,0,0,0.95,0.0,12.5,Regular
1064,Deepak Singh,103,2023-05-12,06:30,17:31,Full,0,2,0.92,0.0,11.02,Irregular
1049,Deepak Joshi,101,2023-05-04,05:35,13:08,Morning,0,0,0.99,0.0,7.55,Regular
1062,Sneha Nair,102,2023-12-21,,,,0,0,0.83,0.0,0.0,Irregular
1092,Deepak Reddy,101,2023-08-03,15:35,23:36,Evening,0,0,0.99,0.0,8.02,Regular
1076,Sneha Reddy,102,2023-09-25,07:56,13:44,Morning,0,0,0.97,0.0,5.8,Regular
1138,Rajesh Singh,104,2023-12-02,07:25,17:17,Full,0,0,0.8,2.0,9.87,Irregular
1038,Neha Patel,101,2023-06-15,06:44,13:27,Morning,0,0,0.96,0.0,6.72,Regular
1100,Arjun Patel,102,2023-07-26,,,,0,2,0.95,0.0,0.0,Irregular
1084,Neha Rao,102,2023-07-24,05:21,13:20,Morning,0,2,0.86,1.0,7.98,Irregular
1120,Vikram Reddy,102,2023-08-05,,,,0,2,0.85,0.0,0.0,Irregular
1104,Rohan Nair,105,2023-09-15,,,,0,0,0.87,0.0,0.0,Irregular
1038,Vikram Joshi,103,2023-10-26,,,,0,2,0.6,0.0,0.0,High_Risk
1095,Rohan Verma,105,2023-10-18,14:53,22:29,Evening,0,0,0.98,0.0,7.6,Regular
1035,Vikram Reddy,102,2023-12-22,07:57,17:02,Full,0,0,0.83,0.0,9.08,Irregular
1083,Neha Gupta,101,2023-01-30,15:42,22:19,Evening,0,0,0.99,0.0,6.62,Regular
1139,Neha Patel,102,2023-07-17,14:11,23:03,Evening,0,0,0.97,1.0,8.87,Regular
1014,Priya Patel,103,2023-07-08,,,,0,6,0.57,0.0,0.0,High_Risk
1120,Vikram Singh,103,2023-05-13,05:40,18:09,Full,0,0,0.99,0.0,12.48,Regular
1071,Rohan Sharma,104,2023-04-14,14:16,22:45,Evening,0,0,0.95,0.0,8.48,Regular
1112,Deepak Patel,101,2023-02-13,15:29,23:02,Evening,0,1,0.83,0.0,7.55,Irregular
1066,Sneha Gupta,105,2023-11-18,,,,0,1,0.9,0.0,0.0,Irregular
1108,Pooja Nair,103,2023-01-09,05:19,13:54,Morning,0,0,0.98,1.0,8.58,Regular
1007,Pooja Gupta,105,2023-06-05,,,,0,7,0.58,0.0,0.0,High_Risk
1073,Priya Patel,103,2023-10-20,07:56,18:14,Full,0,0,0.95,1.0,10.3,Regular
1020,Neha Patel,104,2023-04-29,06:29,17:18,Full,0,0,0.99,0.0,10.82,Regular
1071,Vikram Sharma,104,2023-09-08,06:31,13:14,Morning,0,0,1.0,0.0,6.72,Regular
1126,Neha Kumar,101,2023-10-23,07:45,13:07,Morning,0,7,0.43,0.0,5.37,High_Risk
1039,Rohan Sharma,104,2023-05-05,06:21,18:30,Full,0,0,0.95,0.5,12.15,Regular
1088,Neha Kumar,102,2023-01-11,05:37,18:39,Full,0,2,0.75,0.0,13.03,Irregular
1060,Rajesh Nair,101,2023-08-11,06:52,18:33,Full,0,0,0.99,0.0,11.68,Regular
1018,Neha Sharma,103,2023-04-17,14:12,22:31,Evening,0,3,0.4,1.0,8.32,High_Risk
1082,Sneha Singh,105,2023-11-28,07:56,17:47,Full,0,2,0.89,0.0,9.85,Irregular
1089,Rajesh Rao,105,2023-08-17,,,,0,8,0.5,0.0,0.0,High_Risk
1014,Neha Reddy,104,2023-03-13,06:37,18:27,Full,0,2,0.44,0.0,11.83,High_Risk
1150,Sneha Reddy,105,2023-09-04,06:31,12:09,Morning,0,0,0.95,0.0,5.63,Regular
1059,Vikram Sharma,105,2023-07-10,,,,0,2,0.79,0.0,0.0,Irregular
1084,Rajesh Gupta,104,2023-05-08,05:16,13:35,Morning,0,0,0.97,0.0,8.32,Regular
1017,Sneha Singh,102,2023-08-07,07:25,12:58,Morning,0,0,0.95,0.0,5.55,Regular
1016,Priya Joshi,102,2023-10-13,,,,0,1,0.83,0.0,0.0,Irregular
1094,Sneha Singh,102,2023-04-04,15:18,23:14,Evening,0,0,0.98,1.5,7.93,Regular
1053,Pooja Kumar,104,2023-11-09,05:43,17:10,Full,0,0,0.96,0.0,11.45,Regular
1015,Amit Sharma,104,2023-03-13,,,,0,0,0.87,0.0,0.0,Irregular
1042,Pooja Gupta,103,2023-06-20,,,,0,0,0.8,0.0,0.0,Irregular
1085,Priya Patel,102,2023-07-11,05:34,12:10,Morning,0,0,0.97,0.0,6.6,Regular
1063,Priya Nair,103,2023-09-30,,,,0,1,0.81,0.0,0.0,Irregular
1038,Arjun Rao,105,2023-03-09,06:12,18:57,Full,0,8,0.47,0.5,12.75,High_Risk
1083,Pooja Rao,102,2023-08-26,14:41,23:47,Evening,0,0,1.0,1.0,9.1,Regular
1114,Deepak Nair,104,2023-05-17,07:23,17:13,Full,0,0,1.0,0.0,9.83,Regular
1067,Arjun Reddy,102,2023-04-28,06:18,17:23,Full,0,0,0.99,1.0,11.08,Regular
1113,Sneha Gupta,103,2023-06-30,07:30,18:19,Full,0,0,0.96,0.5,10.82,Regular
1112,Pooja Joshi,101,2023-03-07,14:19,22:51,Evening,0,0,0.99,0.0,8.53,Regular
1116,Neha Rao,105,2023-09-07,05:20,18:56,Full,0,0,0.97,0.0,13.6,Regular
1107,Pooja Kumar,104,2023-04-01,,,,0,2,0.86,0.0,0.0,Irregular
1040,Pooja Singh,102,2023-06-29,05:04,18:44,Full,0,0,0.97,0.0,13.67,Regular
1102,Deepak Patel,105,2023-02-28,07:29,17:27,Full,0,0,0.99,0.0,9.97,Regular
1123,Neha Singh,105,2023-08-08,,,,0,0,0.96,0.0,0.0,Regular
1031,Amit Patel,104,2023-10-05,05:56,17:41,Full,0,0,0.99,0.0,11.75,Regular
1022,Amit Nair,103,2023-01-09,06:25,12:16,Morning,0,0,0.97,1.0,5.85,Regular
1006,Priya Sharma,103,2023-08-28,14:26,22:48,Evening,0,0,0.96,0.0,8.37,Regular
1060,Rajesh Joshi,105,2023-11-01,,,,0,1,0.41,0.0,0.0,High_Risk
1005,Sneha Rao,102,2023-07-17,05:56,18:13,Full,0,0,0.97,0.0,12.28,Regular
1119,Sneha Gupta,103,2023-08-28,,,,0,0,0.88,0.0,0.0,Irregular
1148,Rajesh Patel,104,2023-05-02,,,,0,0,0.84,0.0,0.0,Irregular
1071,Neha Gupta,103,2023-12-21,15:13,22:47,Evening,0,3,0.51,0.0,7.57,High_Risk
1144,Sneha Singh,104,2023-10-11,07:53,18:23,Full,0,0,0.96,2.0,10.5,Regular
1045,Deepak Gupta,102,2023-12-30,,,,0,8,0.46,0.0,0.0,High_Risk
1030,Pooja Patel,102,2023-07-17,15:42,23:44,Evening,0,0,0.95,0.0,8.03,Regular
1122,Arjun Singh,105,2023-01-04,15:17,22:39,Evening,0,0,0.96,0.0,7.37,Regular
1006,Rohan Patel,103,2023-04-17,07:03,17:40,Full,0,0,0.99,0.0,10.62,Regular
1035,Amit Gupta,101,2023-09-04,07:08,18:11,Full,0,0,0.98,0.0,11.05,Regular
1113,Amit Singh,103,2023-10-06,05:46,18:22,Full,0,1,0.43,0.0,12.6,High_Risk
1112,Rajesh Sharma,101,2023-11-10,05:13,17:51,Full,0,1,0.8,0.0,12.63,Irregular
1011,Neha Rao,105,2023-06-22,06:01,13:56,Morning,0,1,0.79,0.0,7.92,Irregular
1016,Pooja Gupta,101,2023-07-06,07:46,12:47,Morning,0,0,0.97,0.0,5.02,Regular
1132,Sneha Singh,102,2023-10-10,07:46,17:45,Full,0,0,0.95,0.0,9.98,Regular
1141,Sneha Gupta,103,2023-09-11,05:25,13:35,Morning,0,0,0.88,0.0,8.17,Irregular
1101,Arjun Gupta,102,2023-06-29,14:14,23:46,Evening,0,2,0.79,0.0,9.53,Irregular
1021,Rohan Nair,105,2023-10-12,06:21,13:15,Morning,0,1,0.76,0.0,6.9,Irregular
1045,Sneha Reddy,103,2023-05-22,06:51,18:46,Full,0,2,0.77,0.0,11.92,Irregular
1038,Priya Rao,104,2023-05-29,,,,0,1,0.83,0.0,0.0,Irregular
1148,Rajesh Joshi,103,2023-11-20,06:08,13:30,Morning,0,0,1.0,2.0,7.37,Regular
1128,Vikram Rao,103,2023-07-08,06:58,18:09,Full,0,0,0.97,0.0,11.18,Regular
1017,Neha Kumar,105,2023-03-29,15:06,23:46,Evening,0,0,0.95,1.0,8.67,Regular
1092,Priya Patel,101,2023-06-30,,,,0,1,0.87,0.0,0.0,Irregular
1004,Pooja Rao,104,2023-10-23,07:11,17:41,Full,0,0,1.0,1.0,10.5,Regular
1049,Rajesh Gupta,102,2023-01-30,05:09,13:41,Morning,0,0,0.98,0.0,8.53,Regular
1105,Pooja Kumar,102,2023-09-04,06:42,17:40,Full,0,0,0.96,2.0,10.97,Regular
1089,Amit Reddy,102,2023-03-14,05:33,13:19,Morning,0,0,0.99,0.0,7.77,Regular
1124,Rohan Reddy,104,2023-06-08,14:11,22:27,Evening,0,0,0.95,0.0,8.27,Regular
1149,Neha Sharma,102,2023-12-23,15:57,23:21,Evening,0,0,0.99,0.0,7.4,Regular
1022,Pooja Joshi,105,2023-08-05,06:37,17:22,Full,0,4,0.53,0.0,10.75,High_Risk
1104,Sneha Singh,103,2023-07-25,14:22,23:06,Evening,0,0,0.99,0.0,8.73,Regular
1145,Sneha Verma,101,2023-02-13,07:39,13:58,Morning,0,0,0.99,0.0,6.32,Regular
1031,Arjun Verma,103,2023-03-24,05:58,13:34,Morning,0,0,0.98,1.0,7.6,Regular
1095,Vikram Singh,102,2023-08-07,07:31,12:38,Morning,0,2,0.86,2.0,5.12,Irregular
1016,Amit Verma,103,2023-07-12,14:16,23:28,Evening,0,7,0.46,1.0,9.2,High_Risk
1131,Arjun Reddy,104,2023-12-30,05:38,18:50,Full,0,0,0.99,0.0,13.2,Regular
1141,Neha Joshi,105,2023-03-27,14:21,22:18,Evening,0,0,0.98,0.0,7.95,Regular
1090,Rohan Kumar,103,2023-10-26,07:47,17:50,Full,0,0,0.98,0.0,10.05,Regular
1011,Sneha Singh,102,2023-01-11,15:05,23:51,Evening,0,0,0.98,0.0,8.77,Regular
1065,Vikram Gupta,103,2023-02-21,,,,0,2,0.88,0.0,0.0,Irregular
1061,Vikram Singh,104,2023-06-03,14:52,22:45,Evening,0,0,1.0,0.5,7.88,Regular
1013,Arjun Nair,101,2023-02-23,07:31,17:06,Full,0,2,0.82,0.0,9.58,Irregular
1023,Rajesh Nair,102,2023-11-09,07:32,13:13,Morning,0,0,0.98,0.0,5.68,Regular
1017,Sneha Joshi,103,2023-04-03,14:50,23:41,Evening,0,0,0.98,0.0,8.85,Regular
1064,Rajesh Patel,101,2023-10-05,06:09,12:06,Morning,0,1,0.48,0.0,5.95,High_Risk
1052,Rohan Verma,101,2023-07-07,07:53,18:03,Full,0,0,0.98,0.0,10.17,Regular
1035,Pooja Reddy,105,2023-10-19,07:31,13:56,Morning,0,0,0.96,0.0,6.42,Regular
1016,Sneha Kumar,103,2023-07-06,07:47,18:25,Full,0,0,0.98,0.0,10.63,Regular
1030,Deepak Gupta,103,2023-09-25,,,,0,1,0.81,0.0,0.0,Irregular
1001,Rohan Sharma,102,2023-03-31,06:18,17:17,Full,0,4,0.4,0.0,10.98,High_Risk
1033,Neha Reddy,102,2023-04-28,,,,0,2,0.95,0.0,0.0,Irregular
1149,Sneha Singh,104,2023-06-10,15:51,22:52,Evening,0,1,0.87,0.0,7.02,Irregular
1108,Rajesh Rao,103,2023-01-11,14:33,22:23,Evening,0,0,0.99,0.0,7.83,Regular
1134,Deepak Sharma,102,2023-07-04,07:13,12:27,Morning,0,2,0.88,0.0,5.23,Irregular
1009,Neha Nair,102,2023-08-03,07:09,12:38,Morning,0,0,0.98,0.0,5.48,Regular
1123,Rajesh Nair,103,2023-12-14,15:46,23:12,Evening,0,0,0.99,2.0,7.43,Regular
1008,Arjun Singh,102,2023-06-28,07:15,12:02,Morning,0,0,0.98,1.0,4.78,Regular
1077,Deepak Singh,105,2023-01-16,06:23,17:36,Full,0,0,0.97,0.0,11.22,Regular
1110,Sneha Singh,101,2023-01-12,,,,0,0,0.99,0.0,0.0,Regular
1112,Amit Reddy,101,2023-10-06,,,,0,0,0.98,0.0,0.0,Regular
1025,Neha Nair,102,2023-02-13,,,,0,1,0.53,0.0,0.0,High_Risk
1063,Neha Joshi,101,2023-02-25,15:31,23:27,Evening,0,0,0.96,0.0,7.93,Regular
1067,Sneha Reddy,102,2023-10-07,14:04,22:19,Evening,0,0,0.99,0.0,8.25,Regular
1066,Deepak Reddy,102,2023-06-24,06:46,12:54,Morning,0,0,1.0,0.5,6.13,Regular
1053,Rohan Sharma,102,2023-02-14,14:42,22:21,Evening,0,5,0.44,0.0,7.65,High_Risk
1076,Arjun Patel,104,2023-07-06,15:48,22:25,Evening,0,0,0.98,1.0,6.62,Regular
1080,Pooja Nair,105,2023-11-06,07:59,17:45,Full,0,2,0.94,0.0,9.77,Irregular
1085,Amit Singh,102,2023-03-06,14:42,22:22,Evening,0,1,0.52,0.0,7.67,High_Risk
1149,Neha Joshi,101,2023-12-13,07:46,13:50,Morning,0,0,0.99,0.0,6.07,Regular
1084,Vikram Nair,103,2023-05-17,14:25,23:47,Evening,0,0,0.97,0.0,9.37,Regular
1148,Neha Kumar,105,2023-04-03,,,,0,8,0.44,0.0,0.0,High_Risk
1058,Neha Gupta,102,2023-11-27,05:10,18:01,Full,0,0,0.96,1.5,12.85,Regular
1099,Pooja Rao,101,2023-05-26,15:44,22:00,Evening,0,0,0.95,0.0,6.27,Regular
1126,Sneha Sharma,103,2023-08-14,05:15,18:50,Full,0,0,0.97,0.0,13.58,Regular
1080,Sneha Nair,104,2023-02-03,14:57,23:31,Evening,0,2,0.77,1.0,8.57,Irregular
1010,Sneha Verma,101,2023-03-29,07:03,17:39,Full,0,0,0.99,0.0,10.6,Regular
1132,Vikram Nair,101,2023-04-10,05:19,17:17,Full,0,0,0.99,1.0,11.97,Regular
1004,Rohan Joshi,102,2023-07-08,07:45,18:08,Full,0,2,0.79,0.0,10.38,Irregular
1042,Sneha Verma,105,2023-05-22,05:51,12:01,Morning,0,0,1.0,0.0,6.17,Regular
1103,Deepak Patel,105,2023-07-25,07:24,17:49,Full,0,6,0.43,0.0,10.42,High_Risk
1130,Pooja Joshi,101,2023-12-25,,,,0,2,0.85,0.0,0.0,Irregular
1099,Deepak Joshi,102,2023-12-06,07:59,12:46,Morning,0,0,0.99,1.5,4.78,Regular
1105,Rajesh Verma,104,2023-02-04,,,,0,0,0.88,0.0,0.0,Irregular
1100,Sneha Joshi,103,2023-05-24,06:27,13:51,Morning,0,0,0.81,0.0,7.4,Irregular
1007,Arjun Sharma,103,2023-02-06,07:05,17:24,Full,0,1,0.88,0.0,10.32,Irregular
1026,Sneha Kumar,103,2023-10-11,06:50,18:47,Full,0,0,0.98,0.0,11.95,Regular
1059,Amit Nair,103,2023-08-12,,,,0,6,0.43,0.0,0.0,High_Risk
1129,Pooja Verma,105,2023-11-08,,,,0,2,0.92,0.0,0.0,Irregular
1104,Priya Reddy,103,2023-08-18,07:10,13:52,Morning,0,3,0.52,0.0,6.7,High_Risk
1127,Priya Nair,101,2023-02-17,06:34,18:13,Full,0,0,0.98,0.0,11.65,Regular
1095,Sneha Kumar,101,2023-04-26,15:49,22:14,Evening,0,0,0.98,2.0,6.42,Regular
1036,Amit Joshi,103,2023-12-27,05:31,18:29,Full,0,0,0.95,1.5,12.97,Irregular
1079,Amit Singh,104,2023-12-15,14:54,22:24,Evening,0,0,1.0,0.0,7.5,Regular
1054,Sneha Gupta,102,2023-03-30,14:52,23:34,Evening,0,0,0.99,1.0,8.7,Regular
1128,Vikram Rao,101,2023-12-02,05:38,18:29,Full,0,0,1.0,0.0,12.85,Regular
1069,Arjun Singh,105,2023-01-16,14:04,23:56,Evening,0,3,0.5,0.0,9.87,High_Risk
1022,Vikram Nair,102,2023-09-08,05:32,17:23,Full,0,0,0.96,0.0,11.85,Regular
1027,Arjun Verma,103,2023-06-10,,,,0,0,0.9,0.0,0.0,Irregular
1070,Sneha Nair,102,2023-12-28,06:53,17:48,Full,0,0,0.98,0.0,10.92,Regular
1079,Rajesh Rao,102,2023-10-13,,,,0,3,0.6,0.0,0.0,High_Risk
1146,Priya Patel,102,2023-03-11,15:48,23:49,Evening,0,0,0.99,0.0,8.02,Regular
1078,Neha Patel,101,2023-11-28,,,,0,0,0.96,0.0,0.0,Regular
1128,Priya Joshi,104,2023-11-24,07:06,12:21,Morning,0,2,0.79,0.0,5.25,Irregular
1062,Priya Singh,105,2023-07-31,,,,0,2,0.47,0.0,0.0,High_Risk
1098,Sneha Sharma,101,2023-04-22,,,,0,0,0.46,0.0,0.0,High_Risk
1110,Neha Kumar,103,2023-02-27,05:00,18:20,Full,0,0,0.78,0.0,13.33,Irregular
1129,Rajesh Verma,103,2023-01-16,06:15,18:00,Full,0,2,0.75,1.0,11.75,Irregular
1023,Rajesh Gupta,104,2023-04-18,15:13,23:15,Evening,0,2,0.89,0.0,8.03,Irregular
1125,Vikram Verma,101,2023-11-22,14:53,22:52,Evening,0,0,0.99,0.0,7.98,Regular
1134,Arjun Sharma,105,2023-01-23,07:25,17:14,Full,0,0,0.99,0.0,9.82,Regular
1069,Deepak Nair,105,2023-04-07,06:28,18:34,Full,0,0,0.96,0.0,12.1,Regular
1034,Arjun Rao,101,2023-05-31,,,,0,1,0.58,0.0,0.0,High_Risk
1105,Amit Sharma,101,2023-06-29,14:25,23:29,Evening,0,0,0.97,1.0,9.07,Regular
1097,Amit Singh,102,2023-06-19,,,,0,7,0.52,0.0,0.0,High_Risk
1032,Pooja Joshi,103,2023-11-16,06:35,18:06,Full,0,0,0.89,0.0,11.52,Irregular
1022,Pooja Patel,102,2023-03-15,14:37,22:44,Evening,0,0,0.96,0.0,8.12,Regular
1097,Sneha Rao,101,2023-11-09,15:23,22:03,Evening,0,0,0.96,1.5,6.67,Regular
1112,Amit Patel,102,2023-05-29,06:44,12:17,Morning,0,0,0.87,0.5,5.55,Irregular
1017,Sneha Gupta,101,2023-06-06,07:42,18:08,Full,0,4,0.57,0.0,10.43,High_Risk
1090,Sneha Gupta,104,2023-06-03,06:31,17:02,Full,0,0,1.0,0.0,10.52,Regular
1017,Rajesh Reddy,104,2023-06-26,05:54,18:34,Full,0,0,0.87,2.0,12.67,Irregular
1046,Neha Nair,104,2023-07-08,,,,0,0,0.76,0.0,0.0,Irregular
1010,Amit Singh,102,2023-12-14,14:40,23:42,Evening,0,0,0.98,0.0,9.03,Regular
1026,Sneha Verma,101,2023-03-04,15:10,23:13,Evening,0,0,0.96,1.0,8.05,Regular
1044,Pooja Gupta,101,2023-08-04,,,,0,1,0.85,0.0,0.0,Irregular
1048,Arjun Gupta,104,2023-08-22,,,,0,0,0.96,0.0,0.0,Regular
1023,Sneha Gupta,101,2023-05-10,07:54,18:39,Full,0,1,0.86,0.5,10.75,Irregular
1044,Deepak Joshi,105,2023-07-11,07:53,13:52,Morning,0,0,0.97,0.0,5.98,Regular
1048,Sneha Singh,103,2023-06-05,07:58,12:10,Morning,0,0,0.99,0.0,4.2,Regular
1069,Deepak Joshi,105,2023-09-28,06:20,13:20,Morning,0,0,0.99,1.0,7.0,Regular
1106,Pooja Verma,105,2023-01-14,06:43,17:45,Full,0,0,0.99,0.0,11.03,Regular
1145,Pooja Gupta,101,2023-08-11,15:41,22:33,Evening,0,1,0.93,0.0,6.87,Irregular
1082,Neha Kumar,105,2023-01-12,15:50,22:56,Evening,0,0,0.97,0.0,7.1,Regular
1008,Arjun Gupta,102,2023-11-06,05:41,18:13,Full,0,0,0.99,1.0,12.53,Regular
1086,Rajesh Rao,105,2023-06-16,14:00,23:37,Evening,0,0,0.99,1.0,9.62,Regular
1086,Rajesh Rao,104,2023-05-25,,,,0,5,0.5,0.0,0.0,High_Risk
1010,Sneha Gupta,105,2023-12-07,14:58,23:55,Evening,0,0,0.97,0.5,8.95,Regular
1048,Deepak Rao,102,2023-04-20,15:25,22:10,Evening,0,0,0.97,0.5,6.75,Regular
1126,Vikram Patel,105,2023-08-21,,,,0,1,0.8,0.0,0.0,Irregular
1084,Deepak Rao,103,2023-09-04,,,,0,7,0.52,0.0,0.0,High_Risk
1030,Neha Sharma,104,2023-12-09,06:25,18:32,Full,0,0,0.99,0.0,12.12,Regular
1068,Priya Kumar,102,2023-08-17,07:53,13:00,Morning,0,1,0.76,0.0,5.12,Irregular
1136,Neha Reddy,102,2023-01-05,07:28,12:25,Morning,0,1,0.4,0.0,4.95,High_Risk
1082,Rajesh Rao,105,2023-09-15,15:23,23:15,Evening,0,8,0.48,0.0,7.87,High_Risk
1141,Vikram Sharma,105,2023-11-04,06:14,13:55,Morning,0,0,0.99,1.5,7.68,Regular
1099,Priya Gupta,104,2023-03-06,05:36,17:28,Full,0,0,0.78,0.0,11.87,Irregular
1123,Vikram Joshi,105,2023-04-14,,,,0,4,0.46,0.0,0.0,High_Risk
1044,Amit Patel,104,2023-09-13,05:53,13:53,Morning,0,0,0.96,0.0,8.0,Regular
1110,Amit Nair,102,2023-04-17,07:41,18:03,Full,0,2,0.89,0.0,10.37,Irregular
1101,Vikram Nair,103,2023-05-23,07:53,12:09,Morning,0,0,1.0,0.0,4.27,Regular
1146,Rohan Gupta,104,2023-04-08,,,,0,2,0.53,0.0,0.0,High_Risk
1053,Amit Gupta,102,2023-03-04,,,,0,1,0.9,0.0,0.0,Irregular
1004,Sneha Gupta,105,2023-07-26,05:33,18:00,Full,0,1,0.77,0.0,12.45,Irregular
1091,Vikram Singh,103,2023-09-04,15:22,23:03,Evening,0,0,0.97,0.5,7.68,Regular
1130,Sneha Singh,101,2023-09-04,,,,0,2,0.82,0.0,0.0,Irregular
1048,Amit Patel,103,2023-08-04,14:46,22:14,Evening,0,0,1.0,0.0,7.47,Regular
1113,Arjun Nair,102,2023-05-04,15:03,22:43,Evening,0,6,0.43,0.0,7.67,High_Risk
1084,Vikram Singh,104,2023-05-25,06:44,18:13,Full,0,0,0.96,0.0,11.48,Regular
1052,Arjun Kumar,103,2023-01-07,07:33,13:04,Morning,0,0,0.97,0.0,5.52,Regular
1041,Neha Nair,105,2023-01-10,07:20,18:00,Full,0,0,0.96,0.5,10.67,Regular
1085,Priya Reddy,105,2023-05-25,07:51,12:39,Morning,0,0,0.95,0.0,4.8,Regular
1050,Vikram Gupta,101,2023-04-07,06:43,18:30,Full,0,0,0.99,1.0,11.78,Regular
1021,Pooja Joshi,104,2023-11-08,,,,0,3,0.49,0.0,0.0,High_Risk
1025,Vikram Singh,104,2023-10-04,05:18,13:32,Morning,0,0,0.95,2.0,8.23,Regular
1021,Deepak Reddy,103,2023-11-20,14:54,23:51,Evening,0,0,0.99,0.0,8.95,Regular
1112,Rajesh Rao,103,2023-03-28,07:18,18:06,Full,0,0,0.98,0.0,10.8,Regular
1059,Rohan Verma,104,2023-10-10,15:18,22:04,Evening,0,0,0.94,2.0,6.77,Irregular
1081,Pooja Patel,104,2023-07-17,05:08,18:50,Full,0,0,0.96,0.0,13.7,Regular
1057,Priya Reddy,103,2023-01-17,,,,0,2,0.78,0.0,0.0,Irregular
1129,Neha Joshi,104,2023-07-07,14:44,23:19,Evening,0,0,0.96,0.0,8.58,Regular
1129,Priya Sharma,102,2023-11-11,06:17,13:45,Morning,0,0,0.99,0.0,7.47,Regular
1082,Rajesh Kumar,104,2023-09-11,15:37,22:08,Evening,0,0,0.96,1.0,6.52,Regular
1035,Neha Reddy,102,2023-08-08,05:27,18:01,Full,0,0,0.98,0.0,12.57,Regular
1023,Priya Singh,104,2023-11-07,14:06,22:30,Evening,0,0,0.97,0.0,8.4,Regular
1042,Deepak Nair,104,2023-05-26,,,,0,0,0.45,0.0,0.0,High_Risk
1062,Amit Joshi,101,2023-09-09,15:05,23:37,Evening,0,2,0.79,2.0,8.53,Irregular
1044,Sneha Verma,102,2023-01-03,07:11,17:47,Full,0,0,0.96,0.0,10.6,Regular
1066,Rohan Joshi,104,2023-03-29,05:31,13:08,Morning,0,0,0.97,0.0,7.62,Regular
1024,Pooja Sharma,104,2023-09-16,,,,0,4,0.41,0.0,0.0,High_Risk
1054,Arjun Singh,103,2023-04-18,06:13,12:26,Morning,0,0,0.96,0.0,6.22,Regular
1099,Sneha Rao,101,2023-09-06,,,,0,1,0.82,0.0,0.0,Irregular
1022,Arjun Gupta,103,2023-08-15,,,,0,0,0.89,0.0,0.0,Irregular
1039,Rajesh Verma,105,2023-06-30,15:32,22:39,Evening,0,0,0.98,0.0,7.12,Regular
1035,Deepak Reddy,103,2023-08-07,06:41,18:33,Full,0,0,0.95,0.0,11.87,Regular
1071,Sneha Patel,105,2023-10-24,06:49,18:24,Full,0,0,0.96,0.0,11.58,Regular
1045,Vikram Singh,103,2023-04-01,15:21,23:24,Evening,0,0,0.95,0.0,8.05,Regular
1072,Vikram Nair,105,2023-10-16,14:17,23:53,Evening,0,1,0.85,0.0,9.6,Irregular
1064,Vikram Kumar,102,2023-05-03,05:15,18:37,Full,0,0,0.99,0.0,13.37,Regular
1094,Arjun Gupta,105,2023-11-11,14:44,23:23,Evening,0,0,0.97,0.0,8.65,Regular
1128,Deepak Singh,102,2023-07-06,06:52,17:31,Full,0,2,0.55,0.5,10.65,High_Risk
1093,Sneha Singh,105,2023-02-08,,,,0,0,0.96,0.0,0.0,Regular
1064,Deepak Rao,105,2023-04-07,,,,0,0,0.57,0.0,0.0,High_Risk
1102,Rajesh Kumar,102,2023-04-21,07:34,17:27,Full,0,0,1.0,2.0,9.88,Regular
1084,Vikram Patel,103,2023-07-29,15:04,22:01,Evening,0,0,0.99,0.0,6.95,Regular
1010,Amit Rao,102,2023-03-27,05:02,18:04,Full,0,0,0.98,0.0,13.03,Regular
1090,Deepak Singh,104,2023-09-18,05:15,17:02,Full,0,0,0.99,1.0,11.78,Regular
1120,Rohan Patel,103,2023-06-05,07:37,13:24,Morning,0,0,0.96,1.0,5.78,Regular
1117,Pooja Patel,105,2023-12-07,06:45,12:49,Morning,0,0,0.98,0.0,6.07,Regular
1015,Deepak Verma,102,2023-03-21,,,,0,0,0.79,0.0,0.0,Irregular
1086,Amit Rao,101,2023-12-02,07:13,12:32,Morning,0,0,0.87,0.0,5.32,Irregular
1090,Rajesh Gupta,105,2023-08-08,,,,0,0,0.89,0.0,0.0,Irregular
1135,Amit Sharma,102,2023-10-10,14:52,22:00,Evening,0,0,0.98,0.0,7.13,Regular
1125,Rohan Gupta,103,2023-11-10,,,,0,1,0.76,0.0,0.0,Irregular
1082,Amit Singh,102,2023-10-20,05:00,17:58,Full,0,0,0.95,2.0,12.97,Regular
1105,Rajesh Sharma,103,2023-11-27,05:25,17:00,Full,0,1,0.9,0.0,11.58,Irregular
1028,Rajesh Verma,104,2023-01-16,,,,0,2,0.45,0.0,0.0,High_Risk
1144,Deepak Rao,101,2023-07-12,14:04,22:12,Evening,0,0,0.96,2.0,8.13,Regular
1103,Vikram Kumar,101,2023-08-03,15:06,22:25,Evening,0,0,1.0,0.0,7.32,Regular
1002,Amit Gupta,101,2023-05-12,05:00,18:55,Full,0,1,0.77,0.0,13.92,Irregular
1080,Rajesh Sharma,102,2023-11-21,07:44,13:36,Morning,0,0,0.96,0.0,5.87,Regular
1036,Arjun Nair,104,2023-06-19,07:46,12:28,Morning,0,0,0.84,0.0,4.7,Irregular
1073,Priya Singh,101,2023-09-01,14:34,23:38,Evening,0,0,0.99,0.0,9.07,Regular
1002,Sneha Reddy,103,2023-05-03,15:28,22:13,Evening,0,0,0.97,0.0,6.75,Regular
1081,Vikram Nair,102,2023-03-15,,,,0,4,0.57,0.0,0.0,High_Risk
1137,Pooja Singh,101,2023-04-10,05:49,13:24,Morning,0,0,0.99,0.0,7.58,Regular
1079,Sneha Nair,105,2023-08-30,07:13,17:50,Full,0,0,0.96,1.0,10.62,Regular
1102,Deepak Rao,105,2023-09-12,05:37,12:03,Morning,0,0,0.98,0.0,6.43,Regular
1052,Rajesh Nair,105,2023-04-08,07:44,12:41,Morning,0,0,0.96,0.0,4.95,Regular
1030,Neha Reddy,102,2023-05-11,05:25,13:02,Morning,0,0,0.97,0.0,7.62,Regular
1141,Rajesh Kumar,104,2023-05-10,07:43,12:01,Morning,0,0,0.97,0.0,4.3,Regular
1069,Sneha Joshi,102,2023-11-27,05:33,12:29,Morning,0,0,0.97,0.0,6.93,Regular
1055,Arjun Singh,103,2023-01-26,,,,0,7,0.49,0.0,0.0,High_Risk
1043,Sneha Reddy,104,2023-10-25,07:38,18:25,Full,0,0,0.98,0.0,10.78,Regular
1046,Priya Singh,104,2023-07-06,,,,0,7,0.58,0.0,0.0,High_Risk
1111,Vikram Rao,101,2023-10-09,15:07,22:22,Evening,0,0,0.98,1.5,7.25,Regular
1027,Amit Singh,103,2023-06-19,05:18,17:18,Full,0,0,1.0,0.0,12.0,Regular
1135,Amit Gupta,102,2023-03-13,05:48,18:04,Full,0,0,0.99,0.0,12.27,Regular
1107,Pooja Rao,101,2023-08-30,05:38,17:25,Full,0,0,0.96,0.0,11.78,Regular
1130,Rohan Verma,101,2023-02-20,,,,0,7,0.52,0.0,0.0,High_Risk
1072,Arjun Rao,104,2023-09-04,06:21,13:05,Morning,0,0,1.0,0.0,6.73,Regular
1142,Rohan Gupta,103,2023-04-14,05:09,17:54,Full,0,0,0.96,0.0,12.75,Regular
1130,Sneha Nair,101,2023-02-20,,,,0,2,0.5,0.0,0.0,High_Risk
1120,Pooja Joshi,103,2023-07-11,07:08,13:11,Morning,0,2,0.81,0.0,6.05,Irregular
1129,Priya Singh,103,2023-01-30,06:36,12:15,Morning,0,0,0.97,2.0,5.65,Regular
1100,Rohan Patel,103,2023-06-23,,,,0,1,0.76,0.0,0.0,Irregular
1095,Arjun Reddy,102,2023-07-27,,,,0,2,0.47,0.0,0.0,High_Risk
1066,Deepak Joshi,103,2023-01-30,05:47,17:52,Full,0,0,0.97,0.0,12.08,Regular
1137,Vikram Reddy,105,2023-10-10,,,,0,1,0.85,0.0,0.0,Irregular
1044,Arjun Joshi,104,2023-01-17,07:11,12:11,Morning,0,0,0.98,0.0,5.0,Regular
1069,Priya Verma,101,2023-03-10,07:32,12:29,Morning,0,2,0.59,0.0,4.95,High_Risk
1031,Arjun Verma,103,2023-05-10,06:38,12:20,Morning,0,0,1.0,0.0,5.7,Regular
1085,Neha Verma,105,2023-11-13,06:56,18:25,Full,0,0,0.91,0.0,11.48,Irregular
1001,Amit Reddy,103,2023-02-17,06:04,18:21,Full,0,8,0.56,0.0,12.28,High_Risk
1131,Priya Singh,104,2023-03-10,,,,0,5,0.57,0.0,0.0,High_Risk
1016,Priya Singh,102,2023-07-24,06:31,18:23,Full,0,0,0.97,0.0,11.87,Regular
1128,Arjun Singh,102,2023-01-16,06:15,17:09,Full,0,0,0.83,1.0,10.9,Irregular
1004,Vikram Sharma,102,2023-11-07,06:28,12:52,Morning,0,0,0.98,0.0,6.4,Regular
1021,Rohan Kumar,101,2023-07-05,14:52,22:55,Evening,0,0,0.97,0.0,8.05,Regular
1033,Pooja Nair,102,2023-07-08,06:34,18:36,Full,0,0,0.98,0.0,12.03,Regular
1074,Rohan Verma,102,2023-01-11,05:29,12:48,Morning,0,2,0.86,0.0,7.32,Irregular
1012,Priya Joshi,103,2023-06-27,05:05,13:26,Morning,0,0,0.96,0.5,8.35,Regular
1092,Vikram Joshi,105,2023-09-16,07:00,12:05,Morning,0,0,0.98,1.5,5.08,Regular
1026,Rajesh Gupta,101,2023-07-01,07:23,17:30,Full,0,0,0.96,0.0,10.12,Regular
1142,Pooja Gupta,104,2023-01-24,05:58,18:51,Full,0,0,0.96,0.0,12.88,Regular
1026,Vikram Singh,101,2023-11-16,06:18,18:52,Full,0,2,0.95,0.0,12.57,Irregular
1031,Pooja Nair,101,2023-04-10,,,,0,2,0.78,0.0,0.0,Irregular
1101,Deepak Sharma,105,2023-04-24,15:14,23:03,Evening,0,1,0.88,0.0,7.82,Irregular
1090,Sneha Patel,103,2023-07-13,05:17,17:49,Full,0,0,0.97,0.0,12.53,Regular
1137,Priya Verma,103,2023-12-30,06:55,13:10,Morning,0,0,0.99,0.0,6.25,Regular
1015,Rohan Verma,103,2023-05-29,15:22,22:04,Evening,0,1,0.84,0.0,6.7,Irregular
1121,Priya Gupta,103,2023-05-29,07:48,13:16,Morning,0,0,0.98,1.0,5.47,Regular
1067,Pooja Patel,104,2023-08-25,05:16,18:06,Full,0,0,0.97,0.0,12.83,Regular
1070,Arjun Nair,103,2023-10-10,06:33,18:46,Full,0,0,0.98,0.0,12.22,Regular
1024,Pooja Rao,101,2023-11-28,07:22,12:33,Morning,0,2,0.55,0.0,5.18,High_Risk
1042,Rohan Kumar,104,2023-07-25,06:53,12:52,Morning,0,0,0.97,0.0,5.98,Regular
1005,Pooja Gupta,101,2023-10-13,15:56,22:33,Evening,0,2,0.82,0.0,6.62,Irregular
1053,Rajesh Sharma,102,2023-12-30,15:04,22:43,Evening,0,3,0.43,0.0,7.65,High_Risk
1124,Neha Gupta,103,2023-09-20,06:41,12:57,Morning,0,0,0.97,0.0,6.27,Regular
1041,Vikram Verma,105,2023-03-20,14:14,23:26,Evening,0,2,0.83,0.0,9.2,Irregular
1147,Rajesh Sharma,104,2023-07-25,06:21,12:36,Morning,0,2,0.93,2.0,6.25,Irregular
1054,Amit Rao,103,2023-08-09,07:01,17:32,Full,0,0,1.0,1.0,10.52,Regular
1101,Arjun Singh,104,2023-01-06,07:31,17:00,Full,0,0,0.84,0.5,9.48,Irregular
1032,Amit Kumar,105,2023-09-21,,,,0,0,0.97,0.0,0.0,Regular
1120,Priya Nair,103,2023-11-06,,,,0,8,0.46,0.0,0.0,High_Risk
1046,Deepak Joshi,103,2023-10-23,06:07,18:36,Full,0,1,0.86,0.0,12.48,Irregular
1127,Arjun Reddy,101,2023-11-04,,,,0,8,0.47,0.0,0.0,High_Risk
1113,Vikram Sharma,105,2023-07-05,07:56,12:00,Morning,0,0,0.97,0.0,4.07,Regular
1136,Vikram Gupta,102,2023-08-21,14:48,22:24,Evening,0,1,0.8,0.5,7.6,Irregular
1053,Vikram Rao,102,2023-11-08,05:29,13:55,Morning,0,0,0.98,0.0,8.43,Regular
1102,Pooja Singh,103,2023-11-04,07:55,12:57,Morning,0,2,0.79,0.5,5.03,Irregular
1007,Rajesh Sharma,103,2023-12-28,14:40,23:44,Evening,0,0,0.96,0.0,9.07,Regular
1089,Amit Rao,104,2023-05-22,07:14,12:39,Morning,0,0,0.99,0.0,5.42,Regular
1140,Rajesh Singh,105,2023-08-12,05:54,12:44,Morning,0,0,1.0,1.0,6.83,Regular
1107,Neha Reddy,105,2023-10-26,07:06,13:31,Morning,0,0,0.99,0.0,6.42,Regular
1037,Arjun Reddy,102,2023-02-21,06:11,18:45,Full,0,0,0.97,0.0,12.57,Regular
1106,Pooja Reddy,105,2023-05-03,,,,0,1,0.92,0.0,0.0,Irregular
1145,Arjun Gupta,103,2023-06-15,06:30,13:59,Morning,0,0,0.97,1.0,7.48,Regular
1073,Deepak Nair,102,2023-04-06,,,,0,1,0.56,0.0,0.0,High_Risk
1006,Priya Verma,102,2023-04-26,06:56,13:04,Morning,0,7,0.56,1.5,6.13,High_Risk
1126,Arjun Singh,102,2023-07-03,06:58,13:04,Morning,0,0,1.0,0.0,6.1,Regular
1046,Neha Rao,103,2023-11-30,14:53,23:32,Evening,0,1,0.87,0.0,8.65,Irregular
1122,Sneha Nair,101,2023-01-23,05:02,12:37,Morning,0,0,1.0,0.0,7.58,Regular
1128,Neha Kumar,104,2023-11-11,06:44,18:26,Full,0,0,0.55,0.0,11.7,High_Risk
1138,Deepak Joshi,103,2023-07-10,,,,0,0,0.87,0.0,0.0,Irregular
1104,Pooja Kumar,104,2023-10-02,15:18,22:05,Evening,0,0,0.96,0.0,6.78,Regular
1039,Rajesh Patel,101,2023-08-25,14:48,23:20,Evening,0,0,0.97,0.0,8.53,Regular
1025,Neha Patel,102,2023-04-04,,,,0,2,0.84,0.0,0.0,Irregular
1011,Amit Gupta,101,2023-08-16,07:41,12:38,Morning,0,0,0.99,0.0,4.95,Regular
1034,Neha Verma,103,2023-05-08,07:14,17:10,Full,0,0,0.98,0.5,9.93,Regular
1029,Priya Kumar,102,2023-03-18,,,,0,4,0.4,0.0,0.0,High_Risk
1019,Sneha Joshi,105,2023-10-24,,,,0,7,0.47,0.0,0.0,High_Risk
1026,Amit Sharma,101,2023-11-22,06:18,13:57,Morning,0,0,0.98,2.0,7.65,Regular
1061,Arjun Nair,104,2023-06-02,06:17,18:27,Full,0,0,0.97,0.5,12.17,Regular
1101,Deepak Nair,104,2023-07-14,07:16,17:45,Full,0,0,1.0,0.5,10.48,Regular
1053,Rohan Verma,101,2023-06-02,06:51,17:12,Full,0,0,0.97,0.0,10.35,Regular
1014,Priya Joshi,104,2023-02-15,,,,0,0,0.82,0.0,0.0,Irregular
1088,Rajesh Joshi,103,2023-12-19,,,,0,5,0.42,0.0,0.0,High_Risk
1150,Rajesh Reddy,101,2023-10-16,05:13,13:02,Morning,0,0,0.99,0.0,7.82,Regular
1094,Priya Verma,103,2023-01-12,05:39,17:20,Full,0,0,0.97,0.0,11.68,Regular
1121,Pooja Joshi,102,2023-12-29,07:54,17:26,Full,0,0,0.96,0.5,9.53,Regular
1134,Pooja Joshi,101,2023-01-23,14:25,23:50,Evening,0,0,0.98,0.0,9.42,Regular
1106,Arjun Gupta,101,2023-02-06,06:49,12:06,Morning,0,2,0.88,0.0,5.28,Irregular
1146,Priya Joshi,101,2023-06-01,05:40,18:59,Full,0,2,0.91,0.0,13.32,Irregular
1067,Rajesh Verma,103,2023-04-26,05:49,13:06,Morning,0,0,0.97,0.0,7.28,Regular
1105,Amit Rao,102,2023-02-13,15:04,22:00,Evening,0,0,0.97,0.0,6.93,Regular
1130,Sneha Verma,105,2023-05-29,,,,0,2,0.94,0.0,0.0,Irregular
1148,Priya Joshi,102,2023-12-19,,,,0,0,0.76,0.0,0.0,Irregular
1095,Priya Patel,105,2023-07-24,15:37,23:00,Evening,0,2,0.75,0.0,7.38,Irregular
1029,Arjun Rao,105,2023-02-23,14:02,23:09,Evening,0,0,0.96,0.5,9.12,Regular
1042,Arjun Nair,102,2023-02-25,,,,0,1,0.81,0.0,0.0,Irregular
1120,Priya Joshi,104,2023-01-23,05:19,17:18,Full,0,0,1.0,0.0,11.98,Regular
1137,Neha Verma,101,2023-05-26,05:05,17:47,Full,0,0,0.96,0.0,12.7,Regular
1016,Deepak Verma,101,2023-07-31,,,,0,0,0.52,0.0,0.0,High_Risk
1062,Amit Singh,105,2023-03-07,15:42,22:09,Evening,0,0,0.96,0.0,6.45,Regular
1132,Rohan Singh,105,2023-09-11,05:57,17:08,Full,0,8,0.57,0.0,11.18,High_Risk
1138,Rohan Nair,101,2023-07-07,,,,0,2,0.48,0.0,0.0,High_Risk
1105,Deepak Verma,102,2023-02-10,05:26,12:05,Morning,0,0,1.0,0.0,6.65,Regular
1060,Vikram Sharma,105,2023-11-03,06:40,13:28,Morning,0,0,0.98,0.0,6.8,Regular
1079,Deepak Singh,102,2023-03-27,06:11,18:50,Full,0,0,0.99,0.0,12.65,Regular
1029,Amit Gupta,102,2023-06-16,14:14,23:59,Evening,0,0,0.99,0.5,9.75,Regular
1105,Deepak Sharma,102,2023-02-02,06:19,17:12,Full,0,2,0.81,0.0,10.88,Irregular
1023,Pooja Sharma,105,2023-12-20,06:31,12:58,Morning,0,0,0.99,0.5,6.45,Regular
1010,Priya Sharma,105,2023-07-17,07:19,13:08,Morning,0,0,0.95,0.0,5.82,Regular
1100,Sneha Reddy,102,2023-09-22,,,,0,1,0.6,0.0,0.0,High_Risk
1094,Pooja Rao,102,2023-07-13,05:52,13:47,Morning,0,2,0.85,1.0,7.92,Irregular
1008,Sneha Rao,102,2023-04-24,07:52,12:19,Morning,0,1,0.43,0.0,4.45,High_Risk
1074,Pooja Verma,102,2023-07-20,07:03,17:05,Full,0,0,0.96,0.0,10.03,Regular
1112,Vikram Sharma,101,2023-06-28,14:15,23:24,Evening,0,2,0.76,1.5,9.15,Irregular
1022,Sneha Singh,101,2023-01-26,07:12,12:01,Morning,0,8,0.59,0.0,4.82,High_Risk
1031,Sneha Reddy,105,2023-11-11,06:39,13:27,Morning,0,0,0.95,0.0,6.8,Regular
1074,Neha Gupta,104,2023-05-18,05:16,18:34,Full,0,0,0.97,0.0,13.3,Regular
1029,Pooja Kumar,102,2023-09-27,06:39,18:57,Full,0,1,0.85,0.0,12.3,Irregular
1019,Vikram Nair,104,2023-01-03,05:35,12:13,Morning,0,1,0.93,1.0,6.63,Irregular
1139,Priya Gupta,104,2023-06-24,07:43,18:37,Full,0,0,1.0,0.0,10.9,Regular
1091,Sneha Reddy,105,2023-11-20,,,,0,8,0.48,0.0,0.0,High_Risk
1073,Rajesh Kumar,105,2023-04-12,,,,0,2,0.84,0.0,0.0,Irregular
1019,Vikram Gupta,103,2023-03-18,06:21,17:57,Full,0,0,0.98,0.0,11.6,Regular
1112,Priya Singh,104,2023-02-02,05:58,12:47,Morning,0,0,0.96,0.5,6.82,Regular
1043,Pooja Rao,104,2023-09-25,07:52,17:42,Full,0,0,0.97,0.0,9.83,Regular
1030,Rohan Joshi,103,2023-12-04,06:29,12:44,Morning,0,6,0.42,0.0,6.25,High_Risk
1046,Sneha Rao,101,2023-03-16,15:53,23:56,Evening,0,0,0.98,0.0,8.05,Regular
1033,Rohan Kumar,101,2023-12-20,05:24,18:15,Full,0,0,0.94,0.0,12.85,Irregular
1015,Sneha Rao,101,2023-04-12,07:40,18:02,Full,0,0,0.99,0.5,10.37,Regular
1065,Deepak Verma,103,2023-04-24,05:14,17:46,Full,0,1,0.79,0.0,12.53,Irregular
1131,Pooja Reddy,101,2023-06-16,,,,0,2,0.85,0.0,0.0,Irregular
1144,Rohan Sharma,101,2023-11-03,,,,0,0,0.51,0.0,0.0,High_Risk
1146,Rajesh Reddy,103,2023-06-17,06:03,12:23,Morning,0,0,0.81,0.0,6.33,Irregular
1148,Priya Verma,101,2023-05-20,05:19,17:11,Full,0,0,0.98,0.0,11.87,Regular
1126,Priya Nair,102,2023-03-30,,,,0,0,0.56,0.0,0.0,High_Risk
1025,Amit Kumar,103,2023-04-15,,,,0,6,0.45,0.0,0.0,High_Risk
1094,Deepak Reddy,102,2023-01-14,,,,0,8,0.59,0.0,0.0,High_Risk
1090,Sneha Nair,104,2023-08-09,07:07,18:01,Full,0,0,0.96,0.0,10.9,Regular
1072,Rohan Rao,104,2023-12-28,07:31,12:48,Morning,0,0,0.95,0.0,5.28,Regular
1116,Amit Verma,105,2023-06-01,15:14,23:40,Evening,0,0,0.97,2.0,8.43,Regular
1128,Vikram Gupta,104,2023-12-18,15:28,23:46,Evening,0,0,0.99,0.0,8.3,Regular
1104,Arjun Joshi,104,2023-11-27,14:57,22:09,Evening,0,0,1.0,0.0,7.2,Regular
1037,Vikram Rao,103,2023-08-01,07:08,17:41,Full,0,0,0.96,0.5,10.55,Regular
1109,Rajesh Verma,105,2023-08-07,05:56,13:49,Morning,0,0,0.96,1.5,7.88,Regular
1090,Priya Verma,102,2024-01-01,,,,0,6,0.55,0.0,0.0,High_Risk
1131,Priya Nair,103,2023-11-16,05:34,12:55,Morning,0,0,0.98,1.0,7.35,Regular
1097,Arjun Gupta,104,2023-08-11,07:13,17:42,Full,0,1,0.81,0.0,10.48,Irregular
1101,Neha Rao,104,2023-01-26,,,,0,0,0.89,0.0,0.0,Irregular
1073,Amit Verma,103,2023-07-06,05:12,12:11,Morning,0,0,0.9,0.0,6.98,Irregular
1024,Priya Rao,102,2023-08-26,,,,0,3,0.5,0.0,0.0,High_Risk
1017,Amit Verma,104,2023-03-02,14:30,22:46,Evening,0,0,0.96,0.0,8.27,Regular
1026,Neha Joshi,103,2023-05-26,07:02,12:03,Morning,0,0,0.99,0.0,5.02,Regular
1008,Amit Rao,102,2023-12-25,05:18,13:04,Morning,0,2,0.9,0.0,7.77,Irregular
1023,Priya Gupta,105,2023-02-07,05:56,12:51,Morning,0,0,0.98,0.0,6.92,Regular
1079,Rohan Joshi,105,2024-01-01,,,,0,0,0.96,0.0,0.0,Regular
1073,Vikram Sharma,102,2023-02-15,14:28,22:59,Evening,0,0,0.99,0.0,8.52,Regular
1060,Rohan Singh,101,2023-09-27,,,,0,2,0.94,0.0,0.0,Irregular
1064,Arjun Nair,104,2023-06-05,07:14,13:00,Morning,0,0,0.99,1.0,5.77,Regular
1001,Vikram Kumar,103,2023-03-15,07:25,13:20,Morning,0,0,0.96,0.0,5.92,Regular
1070,Vikram Gupta,101,2023-07-24,05:46,17:49,Full,0,2,0.93,0.0,12.05,Irregular
1036,Amit Patel,102,2023-02-17,05:59,17:00,Full,0,0,0.98,2.0,11.02,Regular
1025,Vikram Reddy,102,2023-12-23,14:47,23:48,Evening,0,0,0.99,1.5,9.02,Regular
1069,Deepak Patel,101,2023-09-14,05:18,18:42,Full,0,0,0.98,0.0,13.4,Regular
1145,Amit Sharma,104,2023-03-02,06:02,12:56,Morning,0,0,0.97,0.0,6.9,Regular
1037,Priya Gupta,102,2023-12-02,05:53,13:29,Morning,0,0,0.97,0.0,7.6,Regular
1145,Priya Nair,101,2023-09-28,06:57,12:26,Morning,0,0,0.98,0.0,5.48,Regular
1061,Rohan Nair,105,2023-05-15,05:30,12:47,Morning,0,0,0.99,0.0,7.28,Regular
1119,Rajesh Verma,101,2023-08-15,14:47,22:26,Evening,0,0,0.95,0.0,7.65,Regular
1132,Pooja Sharma,105,2023-08-16,06:21,12:57,Morning,0,0,0.96,0.0,6.6,Regular
1100,Pooja Joshi,103,2023-06-17,14:10,22:15,Evening,0,1,0.85,1.5,8.08,Irregular
1072,Amit Sharma,103,2023-07-24,07:29,13:12,Morning,0,0,0.95,0.0,5.72,Regular
1054,Amit Rao,102,2023-09-15,,,,0,2,0.81,0.0,0.0,Irregular
1080,Amit Reddy,103,2023-10-14,07:13,18:52,Full,0,0,0.96,0.0,11.65,Regular
1123,Rajesh Joshi,102,2023-11-01,07:53,18:04,Full,0,2,0.88,0.0,10.18,Irregular
1058,Vikram Patel,101,2023-03-31,14:20,22:20,Evening,0,0,0.99,0.0,8.0,Regular
1067,Sneha Rao,105,2023-06-09,05:03,13:27,Morning,0,0,0.97,0.0,8.4,Regular
1004,Neha Reddy,101,2023-03-15,,,,0,2,0.81,0.0,0.0,Irregular
1035,Deepak Nair,105,2023-02-28,05:18,17:24,Full,0,0,0.96,0.0,12.1,Regular
1122,Deepak Gupta,102,2023-09-27,07:22,17:40,Full,0,0,0.98,0.0,10.3,Regular
1026,Sneha Patel,101,2023-10-21,07:54,18:02,Full,0,0,0.96,0.0,10.13,Regular
1147,Vikram Rao,101,2023-05-22,,,,0,0,0.83,0.0,0.0,Irregular
1140,Sneha Reddy,103,2023-06-10,,,,0,1,0.81,0.0,0.0,Irregular
1031,Neha Joshi,101,2023-12-19,06:40,17:12,Full,0,0,0.97,0.0,10.53,Regular
1087,Rohan Nair,105,2023-08-14,07:59,17:23,Full,0,0,0.98,1.0,9.4,Regular
1030,Arjun Sharma,104,2023-11-08,,,,0,0,0.57,0.0,0.0,High_Risk
1125,Deepak Rao,104,2023-05-01,15:00,23:38,Evening,0,0,0.98,0.0,8.63,Regular
1033,Amit Gupta,104,2023-06-22,07:17,13:30,Morning,0,0,0.96,0.0,6.22,Regular
1073,Rajesh Reddy,103,2023-08-07,15:49,23:02,Evening,0,0,0.96,0.5,7.22,Regular
1141,Vikram Nair,102,2023-05-08,06:10,17:31,Full,0,0,0.95,0.0,11.35,Regular
1128,Priya Nair,104,2023-01-09,07:45,18:41,Full,0,0,0.76,0.5,10.93,Irregular
1124,Priya Gupta,101,2023-12-16,06:25,13:35,Morning,0,0,0.98,1.0,7.17,Regular
1121,Priya Sharma,101,2023-01-04,06:34,17:31,Full,0,0,0.96,0.0,10.95,Regular
1125,Neha Reddy,104,2023-11-24,06:33,17:51,Full,0,0,0.96,0.0,11.3,Regular
1010,Rohan Sharma,104,2023-05-05,05:47,17:20,Full,0,0,0.98,0.5,11.55,Regular
1027,Arjun Singh,101,2023-10-28,07:32,17:11,Full,0,0,0.99,0.0,9.65,Regular
1080,Deepak Reddy,102,2023-11-17,,,,0,7,0.4,0.0,0.0,High_Risk
1025,Vikram Kumar,102,2023-06-17,07:32,17:17,Full,0,0,0.99,1.0,9.75,Regular
1080,Arjun Kumar,101,2023-08-23,06:21,17:15,Full,0,0,0.97,0.0,10.9,Regular
1145,Arjun Nair,105,2023-12-11,05:02,17:32,Full,0,1,0.47,0.0,12.5,High_Risk
1137,Vikram Patel,101,2023-01-30,14:55,23:45,Evening,0,0,0.98,2.0,8.83,Regular
1023,Arjun Singh,102,2023-02-23,,,,0,0,0.82,0.0,0.0,Irregular
1098,Vikram Patel,105,2023-09-13,05:08,13:01,Morning,0,0,0.95,0.5,7.88,Regular
1123,Rajesh Verma,103,2023-02-28,,,,0,0,0.88,0.0,0.0,Irregular
1125,Priya Verma,101,2023-01-07,,,,0,2,0.91,0.0,0.0,Irregular
1081,Amit Sharma,101,2023-07-27,,,,0,1,0.92,0.0,0.0,Irregular
1077,Rajesh Gupta,105,2023-02-16,15:35,23:09,Evening,0,0,1.0,0.5,7.57,Regular
1077,Sneha Sharma,101,2023-05-11,14:39,22:28,Evening,0,0,0.96,0.0,7.82,Regular
1060,Sneha Reddy,101,2023-08-08,07:14,12:40,Morning,0,0,0.99,0.0,5.43,Regular
1084,Pooja Kumar,105,2023-03-20,,,,0,7,0.41,0.0,0.0,High_Risk
1083,Priya Kumar,104,2023-04-05,06:54,13:45,Morning,0,0,0.95,0.0,6.85,Regular
1023,Neha Patel,103,2024-01-01,,,,0,2,0.86,0.0,0.0,Irregular
1019,Amit Nair,101,2023-01-23,06:47,17:10,Full,0,0,0.97,0.5,10.38,Regular
1008,Pooja Nair,104,2023-05-17,,,,0,5,0.51,0.0,0.0,High_Risk
1090,Arjun Singh,103,2023-03-13,05:55,18:30,Full,0,1,0.87,0.0,12.58,Irregular
1025,Neha Patel,104,2023-03-07,,,,0,0,0.84,0.0,0.0,Irregular
1038,Neha Singh,101,2023-06-23,06:17,18:15,Full,0,0,0.95,0.0,11.97,Regular
1119,Rajesh Patel,103,2023-02-27,,,,0,1,0.81,0.0,0.0,Irregular
1055,Arjun Rao,103,2023-10-30,15:00,22:47,Evening,0,0,0.96,1.5,7.78,Regular
1101,Sneha Singh,103,2023-05-18,05:43,13:46,Morning,0,0,0.97,1.5,8.05,Regular
1046,Priya Reddy,105,2023-09-14,05:03,13:02,Morning,0,0,0.96,1.5,7.98,Regular
1028,Pooja Nair,101,2023-09-11,05:40,18:12,Full,0,0,0.97,0.0,12.53,Regular
1092,Rajesh Nair,104,2023-02-13,,,,0,8,0.48,0.0,0.0,High_Risk
1115,Pooja Patel,104,2023-08-05,15:01,22:38,Evening,0,0,0.98,1.5,7.62,Regular
1018,Amit Gupta,101,2023-03-13,15:11,22:10,Evening,0,0,0.98,0.0,6.98,Regular
1025,Arjun Kumar,104,2023-06-15,07:36,18:16,Full,0,0,0.97,0.0,10.67,Regular
1035,Pooja Verma,102,2023-02-13,07:53,18:17,Full,0,0,0.81,0.0,10.4,Irregular
1135,Deepak Rao,104,2023-08-23,14:12,23:40,Evening,0,0,0.97,1.0,9.47,Regular
1080,Arjun Sharma,102,2023-07-04,06:49,18:03,Full,0,0,0.95,0.0,11.23,Regular
1008,Priya Nair,103,2023-10-23,,,,0,1,0.92,0.0,0.0,Irregular
1114,Vikram Singh,104,2023-09-01,06:16,18:27,Full,0,0,0.97,0.0,12.18,Regular
1144,Rohan Nair,103,2023-04-11,,,,0,0,0.5,0.0,0.0,High_Risk
1116,Rohan Nair,105,2023-10-11,07:20,18:34,Full,0,0,0.96,0.0,11.23,Regular
1055,Rohan Kumar,105,2023-07-12,,,,0,0,0.96,0.0,0.0,Regular
1092,Arjun Reddy,103,2023-05-19,05:48,13:08,Morning,0,2,0.84,0.0,7.33,Irregular
1093,Rajesh Joshi,104,2023-11-23,07:50,12:35,Morning,0,0,0.96,0.0,4.75,Regular
1111,Vikram Gupta,101,2023-12-22,15:14,23:32,Evening,0,0,0.98,0.0,8.3,Regular
1029,Rajesh Verma,105,2023-10-07,05:40,17:16,Full,0,0,0.96,0.0,11.6,Regular
1055,Priya Verma,103,2023-06-13,07:55,13:02,Morning,0,0,1.0,1.0,5.12,Regular
1095,Deepak Singh,104,2023-06-20,05:23,18:38,Full,0,4,0.41,0.0,13.25,High_Risk
1029,Pooja Verma,102,2023-10-20,,,,0,2,0.45,0.0,0.0,High_Risk
1003,Amit Kumar,103,2023-09-20,05:40,18:12,Full,0,0,0.96,0.5,12.53,Regular
1091,Vikram Nair,103,2023-11-16,07:53,18:28,Full,0,0,0.98,0.0,10.58,Regular
1149,Vikram Sharma,104,2023-06-27,07:03,12:56,Morning,0,0,0.89,0.5,5.88,Irregular
1106,Sneha Reddy,103,2023-06-03,15:47,23:44,Evening,0,0,0.98,0.0,7.95,Regular
1130,Amit Sharma,101,2023-08-29,,,,0,2,0.85,0.0,0.0,Irregular
1128,Priya Reddy,102,2023-05-18,,,,0,1,0.85,0.0,0.0,Irregular
1131,Rajesh Gupta,104,2023-12-27,14:19,22:07,Evening,0,0,0.95,1.0,7.8,Regular
1108,Deepak Kumar,102,2023-09-06,06:02,18:23,Full,0,0,0.97,1.0,12.35,Regular
1012,Deepak Kumar,101,2023-09-07,05:36,17:30,Full,0,0,0.99,0.0,11.9,Regular
1123,Vikram Gupta,101,2023-02-27,,,,0,0,0.98,0.0,0.0,Regular
1077,Rohan Joshi,104,2023-11-22,06:27,17:22,Full,0,0,0.97,0.0,10.92,Regular
1021,Rohan Reddy,105,2023-03-07,14:19,23:22,Evening,0,0,0.97,0.0,9.05,Regular
1026,Neha Kumar,102,2023-03-28,15:14,23:14,Evening,0,0,0.81,1.5,8.0,Irregular
1017,Deepak Gupta,104,2023-10-19,14:32,22:30,Evening,0,0,0.96,1.0,7.97,Regular
1150,Vikram Kumar,105,2023-09-11,05:02,13:09,Morning,0,0,0.97,0.0,8.12,Regular
1065,Vikram Gupta,104,2023-09-07,,,,0,0,0.76,0.0,0.0,Irregular
1068,Priya Verma,104,2023-04-25,06:52,13:13,Morning,0,1,0.94,0.0,6.35,Irregular
1110,Arjun Joshi,104,2023-06-16,06:24,18:17,Full,0,0,0.98,2.0,11.88,Regular
1039,Sneha Joshi,101,2023-05-03,07:33,17:11,Full,0,0,1.0,0.0,9.63,Regular
1086,Vikram Sharma,105,2023-09-11,,,,0,0,0.98,0.0,0.0,Regular
1138,Sneha Reddy,102,2023-03-02,14:04,23:05,Evening,0,0,1.0,0.0,9.02,Regular
1063,Vikram Nair,101,2023-05-12,07:51,17:09,Full,0,0,0.96,1.0,9.3,Regular
1110,Neha Singh,103,2023-08-14,,,,0,0,0.5,0.0,0.0,High_Risk
1103,Arjun Singh,103,2023-12-15,06:25,18:18,Full,0,0,0.98,0.0,11.88,Regular
1134,Arjun Rao,101,2023-02-20,07:54,13:56,Morning,0,0,0.96,0.0,6.03,Regular
1138,Amit Nair,104,2023-03-13,15:09,22:59,Evening,0,0,0.98,0.0,7.83,Regular
1118,Neha Verma,105,2023-08-04,07:34,17:17,Full,0,0,0.97,0.0,9.72,Regular
1090,Priya Singh,101,2023-11-15,07:55,18:36,Full,0,0,0.99,1.0,10.68,Regular
1048,Vikram Gupta,104,2023-07-31,06:57,12:53,Morning,0,0,0.96,0.0,5.93,Regular
1015,Neha Reddy,101,2023-01-25,06:58,13:51,Morning,0,0,0.97,0.0,6.88,Regular
1121,Pooja Joshi,105,2023-09-11,06:04,13:03,Morning,0,0,0.95,0.0,6.98,Regular
1114,Amit Reddy,102,2023-02-23,14:36,22:34,Evening,0,0,1.0,0.5,7.97,Regular
1018,Vikram Reddy,102,2023-06-03,07:56,13:52,Morning,0,2,0.85,0.0,5.93,Irregular
1140,Rajesh Verma,104,2023-03-15,15:40,22:51,Evening,0,0,0.96,0.0,7.18,Regular
1029,Pooja Joshi,102,2023-12-22,,,,0,2,0.41,0.0,0.0,High_Risk
1017,Neha Kumar,101,2023-09-22,06:49,17:10,Full,0,0,0.75,0.0,10.35,Irregular
1013,Priya Joshi,104,2023-01-20,05:36,12:59,Morning,0,0,0.98,1.0,7.38,Regular
1054,Vikram Nair,102,2023-10-28,06:46,12:11,Morning,0,0,0.99,0.0,5.42,Regular
1019,Amit Kumar,103,2023-06-19,,,,0,0,0.98,0.0,0.0,Regular
1058,Amit Rao,102,2023-09-09,07:57,18:26,Full,0,8,0.54,0.0,10.48,High_Risk
1072,Sneha Kumar,101,2023-04-04,05:35,18:38,Full,0,0,0.96,0.0,13.05,Regular
1069,Amit Singh,105,2023-06-27,07:16,13:20,Morning,0,0,0.99,0.5,6.07,Regular
1117,Deepak Verma,101,2023-02-16,,,,0,2,0.77,0.0,0.0,Irregular
1053,Vikram Joshi,103,2023-03-15,06:18,12:40,Morning,0,1,0.86,0.0,6.37,Irregular
1024,Pooja Kumar,101,2023-03-21,15:27,23:40,Evening,0,0,0.98,0.5,8.22,Regular
1065,Pooja Sharma,105,2023-10-13,15:29,23:41,Evening,0,0,0.98,0.0,8.2,Regular
1072,Sneha Verma,103,2023-02-14,05:29,12:27,Morning,0,0,0.99,0.0,6.97,Regular
1077,Vikram Reddy,101,2023-08-26,07:18,13:50,Morning,0,0,0.99,0.5,6.53,Regular
1102,Priya Rao,103,2023-10-31,,,,0,0,0.97,0.0,0.0,Regular
1119,Amit Nair,105,2023-01-14,07:36,12:17,Morning,0,1,0.85,0.0,4.68,Irregular
1044,Vikram Joshi,103,2023-11-13,,,,0,0,0.99,0.0,0.0,Regular
1008,Vikram Gupta,103,2023-05-11,15:31,23:46,Evening,0,1,0.81,0.0,8.25,Irregular
1051,Deepak Singh,103,2023-06-09,,,,0,5,0.52,0.0,0.0,High_Risk
1008,Rajesh Sharma,101,2023-01-28,15:26,23:46,Evening,0,4,0.41,0.0,8.33,High_Risk
1092,Sneha Nair,101,2023-02-13,15:47,23:00,Evening,0,0,0.98,0.5,7.22,Regular
1088,Arjun Nair,101,2023-02-24,,,,0,2,0.88,0.0,0.0,Irregular
1088,Priya Gupta,101,2023-08-03,06:54,18:58,Full,0,0,0.96,2.0,12.07,Regular
1127,Neha Reddy,103,2023-04-25,06:15,13:19,Morning,0,2,0.89,0.0,7.07,Irregular
1022,Deepak Rao,101,2023-10-30,15:08,23:14,Evening,0,2,0.9,0.0,8.1,Irregular
1071,Neha Reddy,105,2023-03-17,05:39,17:28,Full,0,0,0.96,1.0,11.82,Regular
1068,Deepak Singh,105,2023-09-16,15:15,23:53,Evening,0,0,0.99,0.0,8.63,Regular
1017,Amit Singh,105,2023-05-05,07:55,17:41,Full,0,0,0.96,0.0,9.77,Regular
1125,Sneha Sharma,101,2023-04-10,07:11,18:54,Full,0,0,0.97,0.0,11.72,Regular
1026,Sneha Singh,102,2023-01-04,05:38,17:52,Full,0,0,0.97,0.0,12.23,Regular
1037,Vikram Verma,101,2023-04-03,06:11,17:23,Full,0,0,0.96,1.0,11.2,Regular
1088,Priya Nair,103,2023-10-19,06:22,18:28,Full,0,0,1.0,0.0,12.1,Regular
1107,Rohan Gupta,101,2023-01-14,,,,0,0,0.98,0.0,0.0,Regular
1063,Neha Sharma,104,2023-04-03,,,,0,2,0.94,0.0,0.0,Irregular
1057,Amit Verma,104,2023-05-15,14:10,22:40,Evening,0,0,0.97,2.0,8.5,Regular
1132,Rohan Patel,102,2023-08-30,06:43,17:08,Full,0,0,0.96,0.0,10.42,Regular
1083,Priya Patel,103,2023-09-13,07:22,18:40,Full,0,2,0.57,0.5,11.3,High_Risk
1003,Amit Patel,104,2023-02-14,,,,0,2,0.94,0.0,0.0,Irregular
1009,Sneha Kumar,101,2023-10-09,06:09,18:43,Full,0,0,0.98,0.0,12.57,Regular
1123,Vikram Nair,101,2023-11-27,14:52,22:01,Evening,0,0,0.96,0.0,7.15,Regular
1072,Pooja Verma,104,2023-01-30,05:59,12:27,Morning,0,2,0.88,0.0,6.47,Irregular
1060,Sneha Nair,102,2023-03-30,,,,0,2,0.84,0.0,0.0,Irregular
1111,Amit Rao,102,2023-06-15,07:02,12:09,Morning,0,0,0.99,0.0,5.12,Regular
1090,Priya Singh,103,2023-08-12,05:48,13:55,Morning,0,0,0.95,0.0,8.12,Regular
1060,Neha Joshi,102,2023-02-13,06:33,13:24,Morning,0,0,0.98,0.0,6.85,Regular
1119,Sneha Nair,102,2023-04-19,07:58,17:51,Full,0,0,1.0,1.5,9.88,Regular
1029,Arjun Joshi,102,2023-01-28,14:01,22:06,Evening,0,2,0.78,0.0,8.08,Irregular
1081,Pooja Singh,104,2023-03-28,07:47,17:16,Full,0,0,0.98,0.0,9.48,Regular
1004,Amit Verma,105,2023-12-19,06:58,18:09,Full,0,1,0.94,0.0,11.18,Irregular
1076,Priya Reddy,103,2023-08-21,14:32,23:43,Evening,0,0,0.99,0.0,9.18,Regular
1079,Sneha Nair,103,2023-08-14,05:34,18:18,Full,0,0,0.76,1.0,12.73,Irregular
1112,Vikram Sharma,101,2023-12-11,,,,0,2,0.9,0.0,0.0,Irregular
1030,Rohan Rao,104,2023-11-03,06:59,12:12,Morning,0,1,0.8,0.0,5.22,Irregular
1020,Amit Sharma,101,2023-10-11,,,,0,7,0.49,0.0,0.0,High_Risk
1111,Arjun Nair,104,2023-10-30,07:11,13:56,Morning,0,0,0.96,0.0,6.75,Regular
1067,Rajesh Singh,101,2023-01-02,05:13,13:26,Morning,0,0,0.96,0.0,8.22,Regular
1102,Rohan Sharma,101,2023-02-16,07:56,18:25,Full,0,0,0.95,0.0,10.48,Regular
1077,Neha Sharma,105,2023-02-16,06:21,13:54,Morning,0,0,0.97,0.5,7.55,Regular
1005,Amit Verma,101,2023-09-27,06:52,12:28,Morning,0,0,0.97,0.0,5.6,Regular
1117,Deepak Verma,102,2023-11-06,15:16,23:37,Evening,0,1,0.85,0.0,8.35,Irregular
1001,Rohan Gupta,102,2023-07-31,14:49,23:45,Evening,0,0,0.96,0.5,8.93,Regular
1014,Priya Gupta,105,2023-02-03,07:26,13:13,Morning,0,0,0.96,0.0,5.78,Regular
1020,Deepak Nair,105,2023-01-07,14:23,23:05,Evening,0,2,0.93,0.0,8.7,Irregular
1074,Neha Sharma,103,2023-11-13,07:11,13:26,Morning,0,0,0.99,0.0,6.25,Regular
1109,Neha Rao,105,2023-09-02,15:35,23:24,Evening,0,0,0.96,0.0,7.82,Regular
1005,Rohan Singh,103,2023-09-11,05:48,13:12,Morning,0,0,0.98,0.0,7.4,Regular
1046,Rohan Sharma,105,2023-08-08,14:57,23:39,Evening,0,0,0.99,0.5,8.7,Regular
1014,Pooja Rao,105,2023-01-03,06:34,17:12,Full,0,0,0.95,0.0,10.63,Regular
1075,Amit Sharma,102,2023-11-11,07:12,18:48,Full,0,0,1.0,1.5,11.6,Regular
1097,Pooja Rao,104,2023-08-18,15:55,23:03,Evening,0,2,0.95,0.0,7.13,Irregular
1032,Vikram Rao,104,2023-01-09,05:22,12:54,Morning,0,0,0.96,0.0,7.53,Regular
1126,Rajesh Kumar,103,2023-02-17,05:37,18:49,Full,0,0,0.99,0.5,13.2,Regular
1014,Priya Kumar,102,2023-09-11,15:11,22:12,Evening,0,0,0.98,0.0,7.02,Regular
